Date,Open,High,Low,Close,volume
2010-06-07,429.700,431.200,415.700,428.900,0
2010-06-08,428.900,441.200,424.800,439.200,0
2010-06-09,439.200,456.900,436.300,448.200,0
2010-06-10,448.200,456.100,426.600,451.100,0
2010-06-11,451.100,458.500,444.300,446.700,0
2010-06-14,446.700,460.700,446.700,456.200,0
2010-06-15,456.200,474.200,449.100,471.100,0
2010-06-16,471.100,474.100,459.000,472.300,0
2010-06-17,472.300,482.300,466.000,479.800,0
2010-06-18,479.800,491.600,474.100,489.000,0
2010-06-21,489.000,504.000,488.700,491.100,0
2010-06-22,491.100,494.800,476.900,483.300,0
2010-06-23,483.300,487.200,469.900,471.300,0
2010-06-24,471.300,476.900,461.800,471.200,0
2010-06-25,471.200,477.500,459.600,476.600,0
2010-06-28,476.600,481.800,463.500,466.200,0
2010-06-29,466.200,469.100,447.100,449.600,0
2010-06-30,449.600,460.200,436.900,441.600,0
2010-07-01,441.600,443.100,422.300,430.300,0
2010-07-02,430.300,438.400,418.600,430.500,0
2010-07-05,430.500,431.500,422.300,426.100,0
2010-07-06,426.100,442.200,422.300,435.500,0
2010-07-07,435.500,447.300,426.600,447.100,0
2010-07-08,447.100,449.300,433.900,445.700,0
2010-07-09,445.700,457.700,430.500,457.700,0
2010-07-12,457.700,458.400,449.300,452.800,0
2010-07-13,452.800,467.500,450.800,462.400,0
2010-07-14,462.400,469.400,460.400,464.700,0
2010-07-15,464.700,470.400,457.100,466.300,0
2010-07-16,466.300,467.300,443.600,448.300,0
2010-07-19,448.300,454.500,437.800,443.100,0
2010-07-20,443.100,451.600,433.200,451.100,0
2010-07-21,451.100,453.500,435.000,446.600,0
2010-07-22,446.600,457.100,438.600,453.700,0
2010-07-23,453.700,467.000,452.900,463.000,0
2010-07-26,463.000,477.000,461.200,471.100,0
2010-07-27,471.100,477.500,463.500,466.900,0
2010-07-28,466.900,470.100,450.300,467.300,0
2010-07-29,467.300,489.100,465.000,483.200,0
2010-07-30,483.200,497.800,476.200,495.400,0
2010-08-02,495.400,515.000,492.900,510.000,0
2010-08-03,510.000,513.900,497.700,500.400,0
2010-08-04,500.400,506.200,484.100,496.500,0
2010-08-05,496.500,499.200,487.300,495.200,0
2010-08-06,495.200,507.000,483.600,488.900,0
2010-08-09,488.900,490.700,474.800,475.000,0
2010-08-10,475.000,480.500,468.300,474.200,0
2010-08-11,474.200,480.000,460.500,464.000,0
2010-08-12,464.000,473.600,448.700,468.200,0
2010-08-13,468.200,477.400,467.100,476.400,0
2010-08-16,476.400,484.200,467.100,481.000,0
2010-08-17,481.000,496.400,474.700,494.900,0
2010-08-18,494.900,496.700,481.000,488.300,0
2010-08-19,488.300,494.900,478.100,482.500,0
2010-08-20,482.500,484.500,472.300,475.100,0
2010-08-23,475.100,484.500,466.200,483.200,0
2010-08-24,483.200,485.900,472.100,483.600,0
2010-08-25,483.600,493.400,482.100,493.100,0
2010-08-26,493.100,506.300,477.100,498.200,0
2010-08-27,498.200,503.700,494.900,503.500,0
2010-08-30,503.500,506.900,492.500,495.300,0
2010-08-31,495.300,502.700,485.900,500.600,0
2010-09-01,500.600,526.300,496.900,517.100,0
2010-09-02,517.100,524.200,509.600,523.700,0
2010-09-03,523.700,530.800,519.700,527.200,0
2010-09-06,527.200,530.100,525.100,526.100,0
2010-09-07,526.100,527.700,518.700,519.300,0
2010-09-08,519.300,527.100,518.300,522.700,0
2010-09-09,522.700,525.700,514.000,514.000,0
2010-09-10,514.000,522.900,508.200,515.600,0
2010-09-13,515.600,530.500,512.200,530.200,0
2010-09-14,530.200,552.400,524.100,550.700,0
2010-09-15,550.700,561.600,538.200,553.800,0
2010-09-16,553.800,561.600,544.300,548.100,0
2010-09-17,548.100,554.800,540.200,541.000,0
2010-09-20,541.000,543.700,531.200,535.300,0
2010-09-21,535.300,538.400,524.800,533.700,0
2010-09-22,533.700,546.700,519.900,544.800,0
2010-09-23,544.800,556.200,533.700,551.800,0
2010-09-24,551.800,561.000,547.500,559.200,0
2010-09-27,559.200,560.600,548.300,549.500,0
2010-09-28,549.500,561.400,455.200,561.200,0
2010-09-29,561.200,570.200,560.900,567.000,0
2010-09-30,567.000,579.600,553.000,564.600,0
2010-10-01,564.600,577.900,471.300,573.000,0
2010-10-04,573.000,573.000,558.500,559.100,0
2010-10-05,559.100,579.100,547.300,578.400,0
2010-10-06,578.400,590.900,577.100,587.600,0
2010-10-07,587.600,603.100,579.600,586.600,0
2010-10-08,586.600,590.000,567.900,584.500,0
2010-10-11,584.500,589.600,579.500,586.600,0
2010-10-12,586.600,590.400,574.700,583.100,0
2010-10-13,583.100,595.100,577.900,593.600,0
2010-10-14,593.600,603.400,585.800,601.200,0
2010-10-15,601.200,602.300,505.000,587.800,0
2010-10-18,587.800,591.100,565.900,585.300,0
2010-10-19,585.300,587.800,566.000,569.100,0
2010-10-20,569.100,589.300,564.200,586.500,0
2010-10-21,586.500,597.400,576.700,586.100,0
2010-10-22,586.100,592.000,571.200,589.700,0
2010-10-25,589.700,616.900,571.700,607.300,0
2010-10-26,607.300,628.000,598.700,628.000,0
2010-10-27,628.000,637.600,612.100,618.000,0
2010-10-28,618.000,631.200,602.700,629.400,0
2010-10-29,629.400,646.800,618.100,646.100,0
2010-11-01,646.100,656.700,643.700,650.100,0
2010-11-02,650.100,654.200,641.700,644.300,0
2010-11-03,644.300,646.800,631.200,645.800,0
2010-11-04,645.800,683.200,638.500,681.800,0
2010-11-05,681.800,698.800,668.400,685.000,0
2010-11-08,685.000,713.200,679.400,708.000,0
2010-11-09,708.000,742.700,675.600,692.000,0
2010-11-10,692.000,724.600,684.500,699.000,0
2010-11-11,699.000,721.800,684.900,710.400,0
2010-11-12,710.400,710.800,670.900,679.600,0
2010-11-15,679.600,688.100,661.200,669.900,0
2010-11-16,669.900,677.900,635.100,640.500,0
2010-11-17,640.500,662.500,625.200,660.800,0
2010-11-18,660.800,697.500,651.900,694.400,0
2010-11-19,694.400,707.300,686.300,701.600,0
2010-11-22,701.600,713.200,678.600,693.500,0
2010-11-23,693.500,693.600,658.700,687.500,0
2010-11-24,687.500,700.800,664.800,696.300,0
2010-11-25,696.300,699.600,681.000,696.300,0
2010-11-26,696.300,700.600,663.100,674.700,0
2010-11-29,674.700,694.500,669.100,690.700,0
2010-11-30,690.700,705.600,683.100,698.000,0
2010-12-01,698.000,736.400,677.300,733.400,0
2010-12-02,733.400,770.500,724.600,760.400,0
2010-12-03,760.400,777.700,741.200,764.200,0
2010-12-06,764.200,774.600,749.300,754.900,0
2010-12-07,754.900,773.300,720.500,731.100,0
2010-12-08,731.100,737.700,711.700,725.300,0
2010-12-09,725.300,750.700,710.400,738.000,0
2010-12-10,738.000,746.500,725.200,732.800,0
2010-12-13,732.800,764.400,724.400,755.900,0
2010-12-14,755.900,766.400,709.400,758.500,0
2010-12-15,758.500,761.100,739.800,747.700,0
2010-12-16,747.700,756.300,727.900,736.400,0
2010-12-17,736.400,746.000,724.100,740.200,0
2010-12-20,740.200,748.000,734.800,741.400,0
2010-12-21,741.400,754.200,728.800,753.400,0
2010-12-22,753.400,759.200,737.800,750.200,0
2010-12-23,750.200,756.500,743.000,751.900,0
2010-12-24,751.900,753.700,742.800,745.300,0
2010-12-27,745.300,768.400,745.300,765.900,0
2010-12-28,765.900,786.300,752.700,783.700,0
2010-12-29,783.700,792.500,778.300,789.100,0
2010-12-30,789.100,794.300,771.100,783.500,0
2010-12-31,783.500,796.500,777.500,795.700,0
2011-01-03,795.700,803.900,787.700,790.000,0
2011-01-04,790.000,794.000,764.300,776.600,0
2011-01-05,776.600,778.500,748.800,775.100,0
2011-01-06,775.100,777.400,757.000,760.600,0
2011-01-07,760.600,767.300,739.500,750.700,0
2011-01-10,750.700,763.100,745.700,752.700,0
2011-01-11,752.700,785.100,744.200,783.900,0
2011-01-12,783.900,811.800,777.600,809.500,0
2011-01-13,809.500,823.300,783.300,806.400,0
2011-01-14,806.400,810.500,787.000,795.400,0
2011-01-18,795.400,813.500,785.000,810.500,0
2011-01-19,810.500,827.500,792.000,813.700,0
2011-01-20,813.700,818.400,787.300,810.500,0
2011-01-21,810.500,822.800,794.600,818.500,0
2011-01-24,818.500,827.400,807.800,811.000,0
2011-01-25,811.000,811.400,776.400,780.800,0
2011-01-26,780.800,815.200,776.400,813.300,0
2011-01-27,813.300,817.100,781.500,803.000,0
2011-01-28,803.000,816.500,786.800,813.000,0
2011-01-31,813.000,821.200,801.500,814.400,0
2011-02-01,814.400,824.000,812.700,821.600,0
2011-02-02,821.600,827.100,807.500,812.400,0
2011-02-03,812.400,822.500,805.300,819.000,0
2011-02-04,819.000,833.400,812.000,814.500,0
2011-02-07,814.500,823.200,813.800,817.600,0
2011-02-08,817.600,838.200,815.400,837.000,0
2011-02-09,837.000,837.700,822.300,828.000,0
2011-02-10,828.000,833.200,814.600,820.800,0
2011-02-11,820.800,827.800,805.100,812.400,0
2011-02-14,812.400,834.900,803.600,833.500,0
2011-02-15,833.500,847.400,820.700,836.700,0
2011-02-16,836.700,844.800,832.500,839.500,0
2011-02-17,839.500,845.400,832.300,843.400,0
2011-02-18,843.400,857.400,826.300,849.600,0
2011-02-21,849.600,861.300,849.600,858.000,0
2011-02-22,858.000,860.700,799.500,805.000,0
2011-02-23,805.000,816.400,765.400,777.800,0
2011-02-24,777.800,786.700,757.000,772.000,0
2011-02-25,772.000,792.300,770.000,788.900,0
2011-02-28,788.900,802.500,774.600,797.100,0
2011-03-01,797.100,817.800,794.300,816.600,0
2011-03-02,816.600,824.400,808.400,819.400,0
2011-03-03,819.400,823.500,810.700,813.500,0
2011-03-04,813.500,821.200,799.200,812.200,0
2011-03-07,812.200,819.800,782.000,788.800,0
2011-03-08,788.800,793.700,774.300,790.100,0
2011-03-09,790.100,801.000,776.300,779.800,0
2011-03-10,779.800,782.700,750.500,765.800,0
2011-03-11,765.800,771.700,740.100,756.600,0
2011-03-14,756.600,761.000,743.000,744.400,0
2011-03-15,744.400,747.300,685.600,703.600,0
2011-03-16,703.600,720.700,672.500,697.300,0
2011-03-17,697.300,720.200,673.000,708.200,0
2011-03-18,708.200,731.100,672.800,728.600,0
2011-03-21,728.600,747.100,728.600,746.900,0
2011-03-22,746.900,748.400,713.300,736.500,0
2011-03-23,736.500,749.700,695.800,747.700,0
2011-03-24,747.700,759.700,714.000,750.400,0
2011-03-25,750.400,755.400,713.800,749.200,0
2011-03-28,749.200,749.800,713.800,743.500,0
2011-03-29,743.500,756.900,737.000,753.500,0
2011-03-30,753.500,760.000,714.000,752.400,0
2011-03-31,752.400,769.700,714.200,762.400,0
2011-04-01,762.400,775.800,683.600,772.800,0
2011-04-04,772.800,788.300,772.800,784.900,0
2011-04-05,784.900,792.600,725.500,787.300,0
2011-04-06,787.300,798.400,724.400,783.700,0
2011-04-07,783.700,794.600,725.900,775.600,0
2011-04-08,775.600,802.700,677.700,795.700,0
2011-04-11,795.700,803.900,776.100,776.800,0
2011-04-12,776.800,787.800,758.900,760.400,0
2011-04-13,760.400,775.100,759.700,764.700,0
2011-04-14,764.700,777.000,754.400,774.900,0
2011-04-15,774.900,777.900,763.300,766.100,0
2011-04-18,766.100,768.600,733.600,735.300,0
2011-04-19,735.300,744.400,725.400,730.900,0
2011-04-20,730.900,762.500,726.700,758.300,0
2011-04-21,758.300,770.900,726.900,768.400,0
2011-04-22,768.400,768.400,761.400,764.100,0
2011-04-25,764.100,775.400,746.700,755.800,0
2011-04-26,755.800,759.200,740.000,749.900,0
2011-04-27,749.900,768.400,725.500,766.400,0
2011-04-28,766.400,783.300,762.000,773.700,0
2011-04-29,773.700,788.300,769.300,788.100,0
2011-05-02,788.100,788.100,773.900,774.100,0
2011-05-03,774.100,789.500,763.900,770.500,0
2011-05-04,770.500,776.800,730.200,760.900,0
2011-05-05,760.900,760.900,704.600,710.800,0
2011-05-06,710.800,731.300,704.600,712.900,0
2011-05-09,712.900,733.000,712.900,726.500,0
2011-05-10,726.500,738.200,725.100,728.000,0
2011-05-11,728.000,734.700,712.300,717.100,0
2011-05-12,717.100,722.400,694.900,714.500,0
2011-05-13,714.500,722.600,704.200,707.400,0
2011-05-16,707.400,717.500,703.600,712.100,0
2011-05-17,712.100,719.700,707.700,718.800,0
2011-05-18,718.800,735.800,718.700,731.100,0
2011-05-19,731.100,737.200,721.600,722.500,0
2011-05-20,722.500,736.900,721.300,733.100,0
2011-05-23,733.100,737.400,727.300,728.800,0
2011-05-25,736.000,747.000,735.000,747.000,0
2011-05-26,747.000,755.000,743.700,755.000,0
2011-05-27,755.000,759.000,750.000,756.000,0
2011-05-30,756.000,760.400,755.100,756.900,0
2011-05-31,756.900,784.600,756.800,778.300,0
2011-06-01,778.300,788.100,771.400,782.300,0
2011-06-06,782.300,789.000,779.200,784.900,0
2011-06-13,784.900,814.400,784.900,792.800,0
2011-06-14,792.800,803.400,785.500,792.000,0
2011-06-15,792.000,797.200,771.600,773.500,0
2011-06-16,773.500,776.700,745.800,756.900,0
2011-06-20,756.900,756.900,739.000,745.800,0
2011-06-21,745.800,767.000,744.400,766.500,0
2011-06-22,766.500,773.100,758.300,761.800,0
2011-06-23,761.800,764.700,737.900,744.000,0
2011-06-24,744.000,749.900,742.400,747.400,0
2011-06-27,747.400,747.400,722.400,724.500,0
2011-06-28,724.500,738.800,724.500,738.400,0
2011-06-29,738.400,744.100,731.700,743.100,0
2011-07-04,743.100,760.000,743.100,758.300,0
2011-07-05,758.300,768.800,752.200,768.400,0
2011-07-06,768.400,777.400,768.400,773.100,0
2011-07-07,773.100,778.500,773.100,777.500,0
2011-07-08,777.500,784.600,771.800,774.600,0
2011-07-14,774.600,779.700,772.500,775.000,0
2011-07-15,775.000,778.800,767.100,772.600,0
2011-07-18,772.600,784.500,772.600,780.700,0
2011-07-19,780.700,800.800,780.700,788.000,0
2011-07-20,788.000,795.500,784.200,793.800,0
2011-07-21,793.800,807.400,791.100,806.700,0
2011-07-22,806.700,812.000,798.000,803.800,0
2011-07-25,803.800,805.300,801.000,803.200,0
2011-07-26,803.200,814.500,803.200,811.900,0
2011-07-27,811.900,845.100,811.900,824.600,0
2011-07-28,824.600,836.600,821.700,827.100,0
2011-07-29,827.100,831.000,818.100,826.500,0
2011-08-01,826.500,847.300,824.500,826.700,0
2011-08-02,826.700,832.800,820.100,825.100,0
2011-08-03,825.100,827.500,791.100,793.300,0
2011-08-04,793.300,796.200,740.300,745.100,0
2011-08-05,745.100,751.600,720.100,740.200,0
2011-08-08,740.200,740.200,711.600,715.000,0
2011-08-09,715.000,739.000,705.200,739.000,0
2011-08-10,739.000,747.400,721.000,726.500,0
2011-08-11,726.500,742.100,724.600,738.800,0
2011-08-12,738.800,746.700,732.900,744.000,0
2011-08-15,744.000,756.900,742.700,746.900,0
2011-08-16,746.900,757.000,739.700,755.300,0
2011-08-17,755.300,781.800,747.500,772.100,0
2011-08-18,772.100,777.700,746.400,753.600,0
2011-08-19,753.600,758.700,739.800,742.500,0
2011-08-22,742.500,763.900,742.500,760.400,0
2011-08-23,760.400,766.700,756.200,760.500,0
2011-08-24,760.500,762.100,740.100,747.800,0
2011-08-25,747.800,753.200,740.600,748.900,0
2011-08-26,748.900,759.500,743.000,758.900,0
2011-08-29,758.900,759.000,750.400,752.800,0
2011-08-30,752.800,779.200,751.400,771.900,0
2011-08-31,771.900,790.600,770.700,782.300,0
2011-09-01,782.300,789.200,770.300,782.200,0
2011-09-02,782.200,791.000,772.500,777.700,0
2011-09-05,777.700,777.700,758.900,764.200,0
2011-09-06,764.200,768.200,741.400,749.000,0
2011-09-07,749.000,755.200,743.000,750.500,0
2011-09-08,750.500,763.500,749.000,755.800,0
2011-09-09,755.800,762.200,733.100,733.700,0
2011-09-12,733.700,735.700,695.000,704.000,0
2011-09-13,704.000,728.400,702.400,721.300,0
2011-09-14,721.300,731.100,715.500,717.400,0
2011-09-15,717.400,726.200,710.800,722.100,0
2011-09-16,722.100,738.200,715.500,730.000,0
2011-09-19,730.000,730.200,706.400,711.500,0
2011-09-20,711.500,720.700,705.500,713.600,0
2011-09-21,713.600,720.100,688.600,688.600,0
2011-09-22,688.600,691.300,639.500,647.300,0
2011-09-23,647.300,663.700,623.300,626.700,0
2011-09-26,626.700,640.700,599.200,627.800,0
2011-09-27,627.800,656.000,619.600,643.600,0
2011-09-28,643.600,652.400,614.500,616.700,0
2011-09-29,616.700,626.200,612.000,615.100,0
2011-09-30,615.100,631.200,604.100,605.700,0
2011-10-03,605.700,610.200,578.700,581.100,0
2011-10-04,581.100,592.400,539.500,560.700,0
2011-10-05,560.700,572.900,525.000,572.100,0
2011-10-06,572.100,603.800,563.900,603.400,0
2011-10-07,603.400,614.900,580.600,586.600,0
2011-10-10,586.600,601.300,576.600,596.100,0
2011-10-11,596.100,614.300,593.500,599.700,0
2011-10-12,599.700,612.600,596.100,606.700,0
2011-10-13,606.700,614.400,582.100,590.500,0
2011-10-14,590.500,624.800,586.500,621.600,0
2011-10-17,621.600,642.700,607.500,615.800,0
2011-10-18,615.800,623.400,595.200,620.400,0
2011-10-19,620.400,624.900,597.100,599.600,0
2011-10-20,599.600,606.300,575.000,584.600,0
2011-10-21,584.600,621.200,579.000,611.400,0
2011-10-24,611.400,643.900,611.400,636.300,0
2011-10-25,636.300,652.000,629.600,639.200,0
2011-10-26,639.200,656.700,637.400,644.700,0
2011-10-27,644.700,677.500,638.200,663.200,0
2011-10-28,663.200,672.000,647.800,663.500,0
2011-10-31,663.500,663.500,638.100,640.300,0
2011-11-01,640.300,647.500,621.000,633.600,0
2011-11-02,633.600,650.200,626.800,649.000,0
2011-11-03,649.000,671.500,632.100,654.200,0
2011-11-04,654.200,660.800,646.000,653.000,0
2011-11-08,653.000,676.100,653.000,667.400,0
2011-11-09,667.400,675.600,642.600,644.000,0
2011-11-10,644.000,651.100,633.300,644.600,0
2011-11-11,644.600,661.200,637.800,657.500,0
2011-11-14,657.500,666.100,652.400,661.400,0
2011-11-15,661.400,668.000,653.800,660.800,0
2011-11-16,660.800,665.800,642.900,645.400,0
2011-11-17,645.400,648.300,597.600,606.600,0
2011-11-18,606.600,612.800,594.200,599.000,0
2011-11-21,599.000,600.500,579.300,587.300,0
2011-11-22,587.300,605.900,579.800,599.900,0
2011-11-23,599.900,602.500,578.100,579.900,0
2011-11-24,579.900,587.900,577.000,581.300,0
2011-11-25,581.300,581.300,562.100,562.200,0
2011-11-28,562.200,583.200,561.400,565.500,0
2011-11-29,565.500,587.100,565.500,582.000,0
2011-11-30,582.000,622.100,562.000,608.600,0
2011-12-01,608.600,642.300,599.200,628.100,0
2011-12-02,628.100,658.500,625.000,640.500,0
2011-12-05,640.500,650.600,629.300,630.000,0
2011-12-06,630.000,670.400,626.600,668.900,0
2011-12-07,668.900,686.000,665.800,675.500,0
2011-12-08,675.500,679.800,656.900,668.600,0
2011-12-09,668.600,685.000,656.100,681.100,0
2011-12-12,681.100,681.100,649.300,656.100,0
2011-12-13,656.100,670.200,636.100,641.300,0
2011-12-14,641.300,645.700,596.600,615.600,0
2011-12-15,615.600,624.700,601.900,616.300,0
2011-12-16,616.300,626.900,614.100,619.600,0
2011-12-19,619.600,626.900,604.400,604.700,0
2011-12-20,604.700,626.800,602.900,623.500,0
2011-12-21,623.500,637.800,618.400,631.000,0
2011-12-22,631.000,655.700,623.700,650.000,0
2011-12-23,650.000,663.400,644.400,655.900,0
2011-12-27,655.900,665.200,646.300,657.800,0
2011-12-28,657.800,662.900,626.900,632.400,0
2011-12-29,632.400,635.400,617.800,626.600,0
2011-12-30,626.600,655.300,620.300,652.600,0
2012-01-03,652.600,668.000,646.200,659.200,0
2012-01-04,659.200,664.700,642.600,646.100,0
2012-01-05,646.100,654.400,632.200,635.400,0
2012-01-06,635.400,639.200,606.900,611.200,0
2012-01-09,611.200,617.700,601.900,613.300,0
2012-01-10,613.300,642.100,610.300,630.800,0
2012-01-11,630.800,645.700,627.300,639.800,0
2012-01-12,639.800,645.900,627.000,633.700,0
2012-01-13,633.700,637.700,619.900,635.800,0
2012-01-16,635.800,640.700,626.400,636.800,0
2012-01-17,636.800,660.400,633.000,647.800,0
2012-01-18,647.800,667.800,641.700,661.800,0
2012-01-19,661.800,679.800,658.300,672.900,0
2012-01-20,672.900,676.100,659.600,672.900,0
2012-01-23,672.900,687.000,664.700,684.300,0
2012-01-24,684.300,687.900,666.100,675.000,0
2012-01-25,675.000,693.900,667.200,687.700,0
2012-01-26,687.700,699.600,684.900,688.500,0
2012-01-27,688.500,692.000,677.400,685.600,0
2012-01-30,685.600,689.800,675.300,683.600,0
2012-01-31,683.600,694.800,680.300,681.300,0
2012-02-01,681.300,696.700,680.200,694.000,0
2012-02-02,694.000,706.900,689.000,703.700,0
2012-02-03,703.700,713.800,699.600,699.600,0
2012-02-06,699.600,706.000,687.700,701.100,0
2012-02-07,701.100,708.200,692.900,706.300,0
2012-02-08,706.300,714.900,701.200,710.400,0
2012-02-09,710.400,716.900,705.300,707.900,0
2012-02-10,707.900,709.900,691.500,701.400,0
2012-02-13,701.400,704.800,693.700,694.700,0
2012-02-14,694.700,698.500,679.800,683.800,0
2012-02-15,683.800,691.800,678.700,681.300,0
2012-02-16,681.300,696.800,673.500,693.000,0
2012-02-17,693.000,697.000,682.100,683.900,0
2012-02-20,683.900,696.700,683.900,692.500,0
2012-02-21,692.500,711.900,689.800,708.800,0
2012-02-22,708.800,721.900,704.700,721.500,0
2012-02-23,721.500,724.200,710.000,715.800,0
2012-02-24,715.800,716.900,704.500,708.500,0
2012-02-27,708.500,713.800,698.300,701.600,0
2012-02-28,701.600,720.900,697.000,719.000,0
2012-02-29,719.000,722.800,695.500,698.400,0
2012-03-01,698.400,715.900,693.500,714.700,0
2012-03-02,714.700,718.100,704.500,709.600,0
2012-03-05,709.600,712.400,695.900,701.700,0
2012-03-06,701.700,704.800,654.000,664.600,0
2012-03-07,664.600,684.300,660.100,684.100,0
2012-03-08,684.100,700.500,678.600,696.800,0
2012-03-09,696.800,707.500,681.500,706.700,0
2012-03-12,706.700,707.200,694.900,698.800,0
2012-03-13,698.800,707.000,692.900,703.700,0
2012-03-14,703.700,706.200,686.100,695.700,0
2012-03-15,695.700,707.400,684.300,704.300,0
2012-03-16,704.300,704.400,691.100,696.800,0
2012-03-19,696.800,705.800,693.900,705.000,0
2012-03-20,705.000,705.500,687.400,691.600,0
2012-03-21,691.600,698.100,679.400,683.700,0
2012-03-22,683.700,686.100,646.200,652.500,0
2012-03-23,652.500,661.800,647.400,657.000,0
2012-03-26,657.000,671.600,653.400,664.900,0
2012-03-27,664.900,671.100,654.600,656.400,0
2012-03-28,656.400,657.100,640.500,645.100,0
2012-03-29,645.100,652.400,638.200,643.500,0
2012-03-30,643.500,653.200,638.900,650.600,0
2012-04-02,650.600,663.400,646.400,653.800,0
2012-04-03,653.800,661.400,647.000,649.500,0
2012-04-04,649.500,652.200,626.900,631.900,0
2012-04-05,631.900,644.300,623.500,642.400,0
2012-04-06,642.400,643.100,633.900,633.900,0
2012-04-09,633.900,650.800,633.900,639.900,0
2012-04-10,639.900,650.800,625.900,638.700,0
2012-04-11,638.700,642.300,626.200,635.600,0
2012-04-12,635.600,653.000,632.300,650.900,0
2012-04-13,650.900,653.600,637.900,641.200,0
2012-04-16,641.200,651.700,633.200,651.200,0
2012-04-17,651.200,661.100,641.100,660.100,0
2012-04-18,660.100,662.300,649.600,654.100,0
2012-04-19,654.100,665.900,648.400,662.000,0
2012-04-20,662.000,676.400,656.000,673.500,0
2012-04-23,673.500,676.000,661.100,669.100,0
2012-04-24,669.100,674.900,662.700,665.600,0
2012-04-25,665.600,669.300,647.200,660.300,0
2012-04-26,660.300,670.900,653.000,669.700,0
2012-04-27,669.700,681.000,662.200,680.600,0
2012-04-30,680.600,682.400,670.700,679.400,0
2012-05-01,679.400,683.300,669.700,677.100,0
2012-05-02,677.100,678.400,663.800,665.400,0
2012-05-03,665.400,668.300,656.400,658.700,0
2012-05-04,658.700,663.200,645.700,647.700,0
2012-05-07,647.700,652.800,637.900,644.700,0
2012-05-08,644.700,649.100,614.400,617.200,0
2012-05-09,617.200,622.100,606.900,612.300,0
2012-05-10,612.300,620.000,607.500,610.900,0
2012-05-11,610.900,614.700,595.800,600.700,0
2012-05-14,600.700,604.900,585.900,588.400,0
2012-05-15,588.400,603.500,584.600,593.300,0
2012-05-16,593.300,597.200,582.500,588.400,0
2012-05-17,588.400,605.800,586.300,600.200,0
2012-05-18,600.200,609.100,590.100,601.200,0
2012-05-21,601.200,617.100,595.400,611.200,0
2012-05-22,611.200,614.700,601.600,607.600,0
2012-05-23,607.600,611.000,582.600,589.900,0
2012-05-24,589.900,597.100,577.800,584.200,0
2012-05-25,584.200,591.900,579.600,585.800,0
2012-05-28,585.800,604.600,582.600,602.600,0
2012-05-29,602.600,611.200,594.900,603.300,0
2012-05-30,603.300,606.300,584.400,605.000,0
2012-05-31,605.000,612.500,597.100,609.900,0
2012-06-01,610.000,613.900,593.000,611.600,0
2012-06-04,611.600,614.900,600.000,610.600,0
2012-06-05,610.600,622.400,607.000,621.200,0
2012-06-06,621.200,630.200,616.400,623.900,0
2012-06-07,623.900,630.200,613.800,620.200,0
2012-06-08,620.200,626.700,605.900,612.500,0
2012-06-11,612.500,628.300,610.000,619.900,0
2012-06-12,619.900,624.600,611.900,623.000,0
2012-06-13,623.000,625.600,613.000,615.800,0
2012-06-14,615.800,633.600,614.200,632.600,0
2012-06-15,632.600,639.400,620.900,625.600,0
2012-06-18,625.600,635.700,615.700,632.000,0
2012-06-19,632.000,634.100,623.600,627.700,0
2012-06-20,627.700,629.800,611.000,617.700,0
2012-06-21,617.700,620.200,604.000,607.300,0
2012-06-22,607.300,608.600,601.200,605.200,0
2012-06-25,605.200,611.600,602.600,605.900,0
2012-06-26,605.900,610.400,588.400,594.300,0
2012-06-27,594.300,594.500,574.100,577.700,0
2012-06-28,577.700,579.600,557.700,560.800,0
2012-06-29,560.800,586.000,551.800,582.600,0
2012-07-02,582.600,583.800,572.800,576.800,0
2012-07-03,576.800,598.000,571.700,597.500,0
2012-07-04,597.500,603.000,591.800,592.400,0
2012-07-05,592.400,599.100,581.300,583.800,0
2012-07-06,583.800,586.300,573.100,575.100,0
2012-07-09,575.100,582.700,571.800,580.100,0
2012-07-10,580.100,585.200,571.400,572.900,0
2012-07-11,572.900,582.100,571.300,576.400,0
2012-07-12,576.400,582.100,568.000,573.800,0
2012-07-13,573.800,584.200,572.200,581.100,0
2012-07-16,581.100,582.900,576.200,577.600,0
2012-07-17,577.600,583.400,571.200,578.500,0
2012-07-18,578.500,581.700,572.500,575.500,0
2012-07-19,575.500,582.300,573.200,578.500,0
2012-07-20,578.500,584.100,571.800,573.800,0
2012-07-23,573.800,576.700,560.500,569.100,0
2012-07-24,569.100,573.000,553.100,561.100,0
2012-07-25,561.100,567.600,558.000,564.500,0
2012-07-26,564.500,573.300,562.600,569.300,0
2012-07-27,569.300,577.800,566.600,576.400,0
2012-07-30,576.400,587.500,566.800,586.300,0
2012-07-31,586.300,591.400,583.300,586.600,0
2012-08-01,586.600,589.900,576.200,579.900,0
2012-08-02,579.900,585.200,560.800,568.100,0
2012-08-03,568.100,580.500,564.300,576.600,0
2012-08-06,576.600,580.300,569.900,577.400,0
2012-08-07,577.400,590.800,574.300,585.000,0
2012-08-08,585.000,586.300,578.800,585.500,0
2012-08-09,585.500,588.400,581.300,582.800,0
2012-08-10,582.800,585.900,573.100,580.500,0
2012-08-13,580.500,581.500,570.800,572.200,0
2012-08-14,572.200,579.500,570.800,575.400,0
2012-08-15,575.400,579.100,570.800,573.400,0
2012-08-16,573.400,585.900,571.800,581.800,0
2012-08-17,581.800,606.000,580.100,605.800,0
2012-08-20,605.800,607.500,594.800,606.700,0
2012-08-21,606.700,624.300,597.800,622.400,0
2012-08-22,622.400,633.000,618.800,629.200,0
2012-08-23,629.200,655.500,626.600,652.100,0
2012-08-24,652.100,654.800,632.400,650.200,0
2012-08-27,650.200,654.500,643.200,648.100,0
2012-08-28,648.100,650.100,633.400,637.500,0
2012-08-29,637.500,639.800,628.000,629.400,0
2012-08-30,629.400,634.000,609.700,616.700,0
2012-08-31,616.700,627.500,599.700,627.300,0
2012-09-03,627.300,635.300,625.500,628.700,0
2012-09-04,628.700,640.500,627.300,639.300,0
2012-09-05,639.300,645.100,630.200,643.000,0
2012-09-06,643.000,650.300,638.000,644.400,0
2012-09-07,644.400,654.500,638.000,651.800,0
2012-09-10,651.800,671.000,650.500,665.600,0
2012-09-11,665.600,676.800,663.500,668.400,0
2012-09-12,668.400,681.300,663.500,675.800,0
2012-09-13,675.800,693.500,673.800,687.900,0
2012-09-14,687.900,703.700,683.800,694.800,0
2012-09-17,694.800,698.700,675.100,679.200,0
2012-09-18,679.200,684.400,661.100,665.500,0
2012-09-19,665.500,675.100,661.600,670.600,0
2012-09-20,670.600,670.700,655.000,661.700,0
2012-09-21,661.700,676.500,658.500,671.300,0
2012-09-24,671.300,671.300,631.800,643.000,0
2012-09-25,643.000,647.900,634.600,637.200,0
2012-09-26,637.200,639.200,615.000,627.700,0
2012-09-27,627.700,635.800,624.200,633.600,0
2012-09-28,633.600,643.400,632.500,635.600,0
2012-10-01,635.600,655.500,622.400,643.300,0
2012-10-02,643.300,654.800,637.500,651.000,0
2012-10-03,651.000,656.200,644.400,650.800,0
2012-10-04,650.800,674.900,650.600,669.600,0
2012-10-05,669.600,671.300,656.800,660.100,0
2012-10-08,660.100,660.100,644.100,657.400,0
2012-10-09,657.400,665.200,652.700,656.200,0
2012-10-10,656.200,656.400,645.900,648.400,0
2012-10-11,648.400,655.600,642.900,649.700,0
2012-10-12,649.700,652.600,631.300,633.200,0
2012-10-15,633.200,641.500,620.200,632.100,0
2012-10-16,632.100,639.900,624.200,637.000,0
2012-10-17,637.000,652.800,631.600,651.500,0
2012-10-18,651.500,654.100,644.800,649.500,0
2012-10-19,649.500,649.500,618.100,623.900,0
2012-10-22,623.900,630.000,617.300,623.800,0
2012-10-23,623.800,624.800,588.700,594.000,0
2012-10-24,594.000,602.000,585.700,593.600,0
2012-10-25,593.600,608.400,592.600,602.600,0
2012-10-26,602.600,607.500,592.200,594.900,0
2012-10-29,594.900,599.400,584.200,588.500,0
2012-10-30,588.500,596.200,585.300,592.200,0
2012-10-31,592.200,609.800,590.800,603.500,0
2012-11-01,603.500,616.800,597.600,611.600,0
2012-11-02,611.600,611.600,597.300,599.400,0
2012-11-05,599.400,610.100,593.100,609.500,0
2012-11-06,609.500,619.800,600.300,615.500,0
2012-11-07,615.500,623.500,598.800,610.700,0
2012-11-08,610.700,615.000,603.600,613.000,0
2012-11-09,613.000,617.000,604.200,605.700,0
2012-11-12,605.700,613.500,602.600,606.200,0
2012-11-13,606.200,635.700,600.000,632.500,0
2012-11-14,632.500,647.500,632.500,636.100,0
2012-11-15,636.100,639.200,625.600,629.900,0
2012-11-16,629.900,632.000,616.800,625.700,0
2012-11-19,625.700,644.900,619.700,640.600,0
2012-11-20,640.600,642.600,632.800,635.100,0
2012-11-21,635.100,653.500,628.100,645.000,0
2012-11-22,645.000,655.800,643.400,654.600,0
2012-11-23,654.600,667.700,650.300,663.600,0
2012-11-26,663.600,669.200,655.800,661.300,0
2012-11-27,661.300,671.500,659.800,666.300,0
2012-11-28,666.300,672.900,643.700,671.900,0
2012-11-29,671.900,689.000,665.700,684.000,0
2012-11-30,684.000,689.900,672.200,681.500,0
2012-12-03,681.500,689.700,674.700,687.300,0
2012-12-04,687.300,688.900,673.400,680.700,0
2012-12-05,680.700,687.300,668.100,683.800,0
2012-12-06,683.800,697.000,678.700,692.400,0
2012-12-07,692.400,699.900,684.600,696.700,0
2012-12-10,696.700,703.300,689.100,699.800,0
2012-12-11,699.800,700.400,684.400,692.900,0
2012-12-12,692.900,699.300,688.100,693.500,0
2012-12-13,693.500,693.600,677.600,689.400,0
2012-12-14,689.400,702.800,685.600,700.700,0
2012-12-17,700.700,700.700,692.100,698.600,0
2012-12-18,698.600,702.300,684.800,687.200,0
2012-12-19,687.200,697.900,684.900,693.900,0
2012-12-20,693.900,694.300,670.300,679.900,0
2012-12-21,679.900,686.100,671.000,678.600,0
2012-12-24,678.600,688.100,676.100,683.000,0
2012-12-26,683.000,691.300,683.000,691.000,0
2012-12-27,691.000,707.900,685.200,706.800,0
2012-12-28,706.800,709.200,692.600,696.100,0
2012-12-31,696.100,702.800,689.000,701.800,0
2013-01-02,701.800,716.400,701.800,704.700,0
2013-01-03,704.700,706.500,689.300,692.000,0
2013-01-04,692.000,692.300,679.400,686.900,0
2013-01-07,686.900,691.400,659.200,668.800,0
2013-01-08,668.800,677.600,662.400,673.200,0
2013-01-09,673.200,691.200,670.700,686.800,0
2013-01-10,686.800,703.300,683.200,699.800,0
2013-01-11,699.800,703.200,688.100,701.100,0
2013-01-14,701.100,708.200,693.700,702.800,0
2013-01-15,702.800,720.000,700.000,709.200,0
2013-01-16,709.200,725.400,703.600,720.100,0
2013-01-17,720.100,727.800,715.800,724.500,0
2013-01-18,724.500,731.400,711.600,718.700,0
2013-01-21,718.700,722.200,712.800,717.100,0
2013-01-22,717.100,730.600,714.800,725.200,0
2013-01-23,725.200,728.000,720.900,724.700,0
2013-01-24,724.700,727.000,714.600,725.700,0
2013-01-25,725.700,740.400,721.100,740.000,0
2013-01-28,740.000,747.900,735.100,737.600,0
2013-01-29,737.600,750.300,732.700,749.000,0
2013-01-30,749.000,759.100,742.800,747.300,0
2013-01-31,747.300,749.500,733.700,741.800,0
2013-02-01,741.800,757.000,738.200,754.900,0
2013-02-04,754.900,760.600,746.600,758.000,0
2013-02-05,758.000,767.300,745.900,765.700,0
2013-02-06,765.700,771.400,755.400,762.600,0
2013-02-07,762.600,766.500,747.000,749.200,0
2013-02-08,749.200,756.700,737.800,753.100,0
2013-02-11,753.100,759.700,742.000,757.700,0
2013-02-12,757.700,773.500,753.100,771.000,0
2013-02-13,771.000,776.100,757.100,766.500,0
2013-02-14,766.500,770.800,753.400,764.100,0
2013-02-15,764.100,764.300,740.300,754.500,0
2013-02-18,754.500,764.000,748.100,761.700,0
2013-02-19,761.700,766.100,759.000,762.700,0
2013-02-20,762.700,764.800,726.900,737.100,0
2013-02-21,737.100,741.000,704.200,731.100,0
2013-02-22,731.100,739.800,725.600,736.700,0
2013-02-25,736.700,750.000,731.000,735.200,0
2013-02-26,735.200,745.400,728.000,744.500,0
2013-02-27,744.500,749.200,734.500,742.500,0
2013-02-28,742.500,747.500,723.900,728.100,0
2013-03-01,728.100,730.300,712.600,719.200,0
2013-03-04,719.200,723.600,710.000,715.900,0
2013-03-05,715.900,737.100,714.200,733.500,0
2013-03-06,733.500,746.600,732.500,745.400,0
2013-03-07,745.400,759.100,741.200,756.600,0
2013-03-08,756.600,785.500,752.800,781.400,0
2013-03-11,781.400,782.700,768.100,777.500,0
2013-03-12,777.500,779.300,768.700,771.700,0
2013-03-13,771.700,775.000,765.400,770.600,0
2013-03-14,770.600,773.000,754.900,769.100,0
2013-03-15,769.100,774.100,766.900,772.600,0
2013-03-18,772.600,775.700,749.900,760.500,0
2013-03-19,760.500,763.800,724.400,735.400,0
2013-03-20,735.400,761.900,728.900,758.200,0
2013-03-21,758.200,764.400,749.500,754.100,0
2013-03-22,754.100,760.200,748.700,759.600,0
2013-03-25,759.600,763.900,751.500,757.000,0
2013-03-26,757.000,762.200,752.700,761.900,0
2013-03-27,761.900,769.300,752.600,766.000,0
2013-03-28,766.000,773.000,756.600,769.800,0
2013-03-29,769.800,769.800,766.300,766.500,0
2013-04-01,766.500,782.200,761.100,779.400,0
2013-04-02,779.400,779.800,760.400,763.700,0
2013-04-03,763.700,770.000,750.600,751.000,0
2013-04-04,751.000,753.300,720.400,726.000,0
2013-04-05,726.000,732.300,714.400,726.300,0
2013-04-08,723.300,740.800,718.400,730.500,0
2013-04-09,732.600,739.700,720.600,724.500,0
2013-04-10,717.800,731.100,702.700,718.500,0
2013-04-11,734.600,742.800,710.900,729.300,0
2013-04-12,712.400,729.700,726.200,705.900,0
2013-04-15,667.700,710.600,649.100,651.500,0
2013-04-16,683.100,689.800,643.500,675.200,0
2013-04-17,661.200,685.400,654.700,660.700,0
2013-04-18,664.000,680.900,649.200,666.600,0
2013-04-19,667.300,684.200,663.100,674.800,0
2013-04-22,679.500,687.800,671.200,681.300,0
2013-04-23,679.500,687.900,663.100,672.000,0
2013-04-24,675.200,685.300,664.000,667.600,0
2013-04-25,666.900,685.900,666.100,680.400,0
2013-04-26,679.600,689.100,673.300,679.100,0
2013-04-29,679.100,705.600,674.800,698.400,0
2013-04-30,699.600,705.800,693.100,698.000,0
2013-05-01,696.600,702.400,669.100,685.800,0
2013-05-02,678.900,698.000,679.100,692.400,0
2013-05-03,687.700,706.900,683.400,691.600,0
2013-05-06,691.600,700.200,687.500,693.600,0
2013-05-07,691.300,698.900,675.300,681.500,0
2013-05-08,681.400,701.600,679.800,693.500,0
2013-05-09,690.300,718.500,688.600,707.300,0
2013-05-10,699.000,713.700,691.600,705.800,0
2013-05-13,705.800,721.100,696.900,715.000,0
2013-05-14,711.900,735.800,706.100,728.500,0
2013-05-15,723.900,733.800,715.500,724.800,0
2013-05-16,724.600,744.400,713.500,737.300,0
2013-05-17,737.400,746.900,731.200,735.800,0
2013-05-20,735.800,758.100,729.900,748.600,0
2013-05-21,748.500,753.400,734.500,745.300,0
2013-05-22,747.500,757.400,742.600,744.800,0
2013-05-23,747.700,749.800,732.300,736.600,0
2013-05-24,740.100,742.700,718.600,724.600,0
2013-05-27,724.600,739.600,724.600,736.400,0
2013-05-28,733.700,767.000,724.600,753.000,0
2013-05-29,757.000,762.500,724.600,747.600,0
2013-05-30,748.700,764.100,724.600,755.600,0
2013-05-31,757.700,762.100,724.600,748.400,0
2013-06-03,748.400,764.600,745.800,755.600,0
2013-06-04,760.100,761.600,742.400,749.400,0
2013-06-05,750.400,758.700,748.400,755.300,0
2013-06-06,754.200,765.700,748.100,759.500,0
2013-06-07,761.200,764.700,742.800,755.200,0
2013-06-10,755.200,772.000,750.700,767.200,0
2013-06-11,767.600,773.600,746.600,751.700,0
2013-06-12,750.400,761.500,747.000,755.400,0
2013-06-13,752.400,762.100,724.100,732.800,0
2013-06-14,725.100,758.800,722.200,729.400,0
2013-06-17,729.400,735.200,710.600,711.600,0
2013-06-18,713.900,718.400,695.200,709.700,0
2013-06-19,704.100,715.600,690.800,691.800,0
2013-06-20,697.700,696.500,658.200,661.400,0
2013-06-21,665.300,685.000,653.200,674.700,0
2013-06-24,674.700,685.800,646.400,660.000,0
2013-06-25,657.200,679.500,656.600,664.500,0
2013-06-26,665.100,670.200,620.600,632.000,0
2013-06-27,639.500,660.400,618.800,643.700,0
2013-06-28,649.500,678.200,630.000,656.600,0
2013-07-01,656.600,690.500,652.100,683.700,0
2013-07-02,681.300,698.900,679.800,683.600,0
2013-07-03,689.300,692.800,678.700,683.200,0
2013-07-04,682.700,692.000,656.600,675.500,0
2013-07-05,676.200,682.200,656.600,680.800,0
2013-07-08,680.800,705.600,670.500,695.100,0
2013-07-09,693.100,707.600,689.800,697.800,0
2013-07-10,693.100,717.600,695.700,712.500,0
2013-07-11,711.500,734.400,712.500,718.600,0
2013-07-12,714.900,727.500,707.300,720.600,0
2013-07-15,720.600,737.500,714.800,731.300,0
2013-07-16,729.200,740.000,725.500,734.600,0
2013-07-17,731.900,742.300,727.800,732.300,0
2013-07-18,731.400,755.500,725.400,741.800,0
2013-07-19,731.400,752.800,738.100,745.100,0
2013-07-22,745.100,755.900,743.300,745.500,0
2013-07-23,748.200,749.300,729.100,738.700,0
2013-07-24,738.600,752.200,734.100,745.900,0
2013-07-25,743.400,751.300,731.700,738.200,0
2013-07-26,742.900,745.000,711.900,725.000,0
2013-07-29,725.000,750.800,720.500,741.300,0
2013-07-30,743.600,745.700,725.000,727.100,0
2013-07-31,730.600,741.500,720.400,727.100,0
2013-08-01,724.000,740.800,724.800,730.700,0
2013-08-02,727.900,739.300,719.400,728.000,0
2013-08-05,728.500,740.500,725.700,731.300,0
2013-08-06,732.200,740.300,713.900,721.800,0
2013-08-07,723.000,730.700,710.300,722.600,0
2013-08-08,721.300,747.400,716.700,737.100,0
2013-08-09,739.900,746.200,731.000,740.200,0
2013-08-12,739.600,749.500,735.000,736.100,0
2013-08-13,738.400,745.700,734.100,737.300,0
2013-08-14,738.400,743.900,732.500,739.300,0
2013-08-15,739.600,772.400,738.400,761.300,0
2013-08-16,739.600,770.500,750.000,761.300,0
2013-08-19,761.300,766.700,746.200,750.100,0
2013-08-20,752.900,758.900,741.000,747.500,0
2013-08-21,749.100,754.200,739.400,743.300,0
2013-08-22,749.100,758.300,739.200,753.700,0
2013-08-23,751.700,759.200,746.800,750.000,0
2013-08-26,750.100,759.500,741.000,746.900,0
2013-08-27,750.100,757.200,740.900,743.000,0
2013-08-28,750.100,754.000,732.300,743.900,0
2013-08-29,744.400,751.600,732.700,734.600,0
2013-08-30,744.400,743.100,717.200,722.000,0
2013-09-02,721.400,732.800,712.000,713.500,0
2013-09-03,714.900,727.900,711.800,716.800,0
2013-09-04,714.900,722.600,691.000,697.500,0
2013-09-05,699.700,701.400,682.800,684.300,0
2013-09-06,699.700,706.900,681.800,695.500,0
2013-09-09,695.500,702.900,680.600,685.800,0
2013-09-10,687.800,697.500,682.700,692.400,0
2013-09-11,688.400,704.700,684.000,691.200,0
2013-09-12,692.000,698.600,683.100,687.300,0
2013-09-13,689.500,703.800,682.400,699.100,0
2013-09-16,699.100,717.100,699.100,702.100,0
2013-09-17,705.800,714.100,695.200,703.200,0
2013-09-18,705.800,722.700,693.900,717.400,0
2013-09-19,698.000,741.100,712.500,733.400,0
2013-09-20,698.000,742.500,713.100,715.100,0
2013-09-23,715.100,724.600,705.300,713.600,0
2013-09-24,713.800,724.300,709.000,718.700,0
2013-09-25,716.400,728.100,715.300,721.800,0
2013-09-26,716.400,728.200,718.700,719.600,0
2013-09-27,720.600,738.100,718.100,727.700,0
2013-09-30,727.300,737.200,720.400,721.700,0
2013-10-01,727.100,730.400,710.500,717.500,0
2013-10-02,714.200,724.900,708.500,716.900,0
2013-10-03,714.200,724.600,694.600,700.300,0
2013-10-04,700.500,711.300,689.900,699.000,0
2013-10-07,698.900,708.500,694.100,702.800,0
2013-10-08,701.200,718.400,700.700,710.900,0
2013-10-09,713.200,719.000,697.900,700.600,0
2013-10-10,701.000,714.700,699.000,705.100,0
2013-10-11,704.600,718.700,703.500,710.800,0
2013-10-14,711.000,720.700,708.600,712.900,0
2013-10-15,712.700,718.100,699.400,706.000,0
2013-10-16,705.500,722.600,702.700,716.000,0
2013-10-17,705.500,743.100,711.500,737.800,0
2013-10-18,737.800,745.200,730.900,739.400,0
2013-10-21,739.400,754.400,738.300,748.000,0
2013-10-22,746.400,756.300,739.500,751.200,0
2013-10-23,747.200,757.700,743.000,744.200,0
2013-10-24,750.400,753.200,740.800,745.700,0
2013-10-25,746.000,752.500,731.000,741.300,0
2013-10-28,741.200,753.100,738.000,745.200,0
2013-10-29,744.100,750.400,738.300,744.800,0
2013-10-30,744.400,754.500,741.300,744.900,0
2013-10-31,750.700,752.700,733.100,736.200,0
2013-11-01,737.600,745.900,730.100,739.700,0
2013-11-04,739.000,759.330,737.300,737.960,0
2013-11-05,739.000,764.830,732.260,738.580,0
2013-11-06,737.500,775.250,738.070,753.840,0
2013-11-07,753.120,775.290,741.520,751.140,0
2013-11-08,742.700,774.930,742.760,747.970,0
2013-11-11,748.010,769.250,736.080,743.430,0
2013-11-12,742.170,764.850,730.500,738.450,0
2013-11-13,732.800,761.910,728.740,731.540,0
2013-11-14,738.140,746.930,729.740,737.290,0
2013-11-15,737.240,749.110,721.160,730.510,0
2013-11-18,730.010,751.170,714.590,715.830,0
2013-11-19,719.860,723.090,711.460,719.170,0
2013-11-20,717.060,730.230,708.470,710.010,0
2013-11-21,715.790,730.310,708.840,711.960,0
2013-11-22,714.270,727.120,710.200,713.490,0
2013-11-25,713.490,728.180,708.170,719.280,0
2013-11-26,718.930,728.550,710.600,716.280,0
2013-11-27,716.140,740.190,712.960,715.070,0
2013-11-28,717.740,725.230,712.890,716.780,0
2013-11-29,717.740,726.990,714.520,714.520,0
2013-12-02,714.520,737.140,708.930,709.710,0
2013-12-03,714.520,718.170,707.530,714.770,0
2013-12-04,712.490,735.000,712.020,726.130,0
2013-12-05,718.160,739.660,722.790,733.570,0
2013-12-06,729.850,745.770,721.620,732.270,0
2013-12-09,732.270,742.330,729.530,734.250,0
2013-12-10,735.910,744.870,730.920,736.760,0
2013-12-11,735.910,742.970,734.510,736.000,0
2013-12-12,735.910,740.310,712.580,716.230,0
2013-12-13,718.930,738.500,713.130,714.920,0
2013-12-16,714.920,738.300,711.920,715.010,0
2013-12-17,712.080,721.880,696.770,697.790,0
2013-12-18,703.280,723.710,694.380,696.360,0
2013-12-19,698.460,719.100,693.220,694.700,0
2013-12-20,694.330,722.510,693.780,697.310,0
2013-12-23,697.310,720.550,691.370,694.200,0
2013-12-24,694.490,706.450,690.410,693.410,0
2013-12-25,0.000,706.450,690.410,693.410,0
2013-12-26,693.410,710.000,693.410,698.220,0
2013-12-27,700.440,719.160,693.970,709.680,0
2013-12-30,709.680,719.020,706.890,707.770,0
2013-12-31,709.680,716.210,705.140,710.780,0
2014-01-01,708.930,716.210,705.140,710.780,0
2014-01-02,710.780,741.850,710.780,728.630,0
2014-01-03,729.680,735.050,724.000,726.950,0
2014-01-06,726.950,740.140,725.410,736.980,0
2014-01-07,734.660,745.820,732.380,739.820,0
2014-01-08,734.660,746.770,732.000,734.970,0
2014-01-09,734.660,743.030,733.590,735.410,0
2014-01-10,737.640,757.600,732.360,742.590,0
2014-01-13,742.590,765.370,736.170,738.680,0
2014-01-14,738.640,750.630,733.810,736.950,0
2014-01-15,738.640,750.710,732.450,741.100,0
2014-01-16,745.780,750.180,736.550,742.290,0
2014-01-17,745.780,755.130,739.940,745.310,0
2014-01-20,745.310,756.840,742.600,746.940,0
2014-01-21,745.310,752.200,739.610,746.390,0
2014-01-22,744.160,766.980,741.840,745.480,0
2014-01-23,744.160,753.040,740.950,743.390,0
2014-01-24,744.160,750.230,731.840,733.300,0
2014-01-27,733.300,739.860,720.240,721.080,0
2014-01-28,733.300,729.160,713.400,715.070,0
2014-01-29,715.660,726.120,707.400,713.250,0
2014-01-30,707.980,720.270,704.580,705.930,0
2014-01-31,707.980,731.530,699.670,703.280,0
2014-02-03,702.090,723.620,699.960,700.980,0
2014-02-04,702.090,708.310,695.320,700.020,0
2014-02-05,702.090,723.080,698.960,707.560,0
2014-02-06,702.090,721.810,705.570,709.120,0
2014-02-07,711.060,720.450,707.410,709.090,0
2014-02-10,709.090,725.880,708.560,716.490,0
2014-02-11,709.090,725.990,715.020,717.710,0
2014-02-12,709.090,732.460,716.660,727.180,0
2014-02-13,729.370,738.080,721.630,731.560,0
2014-02-14,726.670,750.930,730.060,736.110,0
2014-02-17,736.110,749.580,733.310,738.310,0
2014-02-18,736.110,747.530,729.290,735.890,0
2014-02-19,736.110,749.140,730.730,732.430,0
2014-02-20,736.110,746.490,728.340,736.430,0
2014-02-21,736.380,747.860,734.600,739.190,0
2014-02-24,739.190,746.380,733.430,740.700,0
2014-02-25,742.160,746.710,730.940,732.840,0
2014-02-26,742.160,742.760,727.360,730.450,0
2014-02-27,727.750,749.090,724.870,740.890,0
2014-02-28,741.770,761.360,738.670,741.800,0
2014-03-03,741.800,766.020,741.160,747.560,0
2014-03-04,747.260,766.820,743.290,761.570,0
2014-03-05,758.360,787.670,760.460,770.590,0
2014-03-06,772.070,791.600,768.440,779.310,0
2014-03-07,776.420,785.850,768.330,774.880,0
2014-03-10,778.370,784.530,770.550,774.370,0
2014-03-11,774.190,799.240,763.190,767.760,0
2014-03-12,765.050,780.770,760.390,774.130,0
2014-03-13,771.770,796.230,770.690,775.050,0
2014-03-14,774.940,789.690,766.390,771.230,0
2014-03-17,771.230,791.730,767.870,770.730,0
2014-03-18,770.140,784.730,757.200,766.910,0
2014-03-19,764.960,779.420,760.770,761.470,0
2014-03-20,766.450,774.130,744.460,767.740,0
2014-03-21,768.880,801.540,766.540,791.130,0
2014-03-24,791.130,803.350,780.070,792.900,0
2014-03-25,784.630,798.980,781.740,787.230,0
2014-03-26,784.360,791.210,772.630,778.640,0
2014-03-27,780.810,783.270,754.620,757.210,0
2014-03-28,761.610,776.900,755.740,772.900,0
2014-03-31,772.900,797.880,769.380,774.310,0
2014-04-01,774.840,792.990,765.020,779.060,0
2014-04-02,778.000,799.660,775.570,783.910,0
2014-04-03,786.930,793.570,781.200,787.360,0
2014-04-04,786.930,794.320,781.950,787.890,0
2014-04-07,787.890,793.360,759.960,764.570,0
2014-04-08,787.890,781.170,764.150,774.260,0
2014-04-09,787.890,785.810,772.640,780.640,0
2014-04-10,776.870,796.000,778.440,789.400,0
2014-04-11,792.550,814.370,783.890,802.760,0
2014-04-14,802.760,824.190,802.760,808.720,0
2014-04-15,802.760,811.910,785.390,792.930,0
2014-04-16,793.710,806.020,788.590,800.320,0
2014-04-17,801.320,810.530,791.700,795.100,0
2014-04-18,803.130,810.530,791.700,794.870,0
2014-04-21,794.870,814.010,766.390,777.640,0
2014-04-22,772.410,792.730,776.920,782.820,0
2014-04-23,781.780,791.760,780.370,785.030,0
2014-04-24,784.630,807.860,775.900,799.810,0
2014-04-25,799.890,825.140,798.960,807.870,0
2014-04-28,807.870,831.210,793.260,800.150,0
2014-04-29,796.140,811.420,793.940,804.820,0
2014-04-30,806.400,825.210,796.750,808.510,0
2014-05-01,809.660,833.280,804.820,812.420,0
2014-05-02,809.660,838.410,806.720,809.690,0
2014-05-05,809.690,821.770,807.830,815.160,0
2014-05-06,813.460,823.560,810.880,816.290,0
2014-05-07,815.090,820.530,793.970,794.450,0
2014-05-08,795.440,824.660,794.280,802.780,0
2014-05-09,803.480,808.780,796.810,800.900,0
2014-05-12,800.900,811.610,795.740,804.990,0
2014-05-13,806.460,832.350,801.610,815.330,0
2014-05-14,817.060,845.450,813.830,826.300,0
2014-05-15,823.130,832.290,808.840,810.350,0
2014-05-16,812.890,825.000,803.830,814.080,0
2014-05-19,814.080,839.320,812.270,814.370,0
2014-05-20,813.560,831.830,812.900,824.620,0
2014-05-21,826.500,836.350,823.870,828.100,0
2014-05-22,830.170,844.140,826.480,834.200,0
2014-05-23,830.170,840.630,825.840,829.600,0
2014-05-26,829.600,836.760,827.760,832.700,0
2014-05-27,832.300,840.240,826.130,832.560,0
2014-05-28,828.990,846.680,829.860,834.340,0
2014-05-29,838.920,859.580,826.360,833.350,0
2014-05-30,834.190,840.960,828.050,834.860,0
2014-06-02,834.860,852.520,829.310,830.460,0
2014-06-03,832.830,854.640,828.250,836.720,0
2014-06-04,835.770,854.600,831.500,835.230,0
2014-06-05,834.690,842.060,831.420,837.930,0
2014-06-06,836.630,847.560,835.490,843.560,0
2014-06-09,843.560,865.440,838.730,840.220,0
2014-06-10,840.810,857.490,839.600,852.950,0
2014-06-11,852.490,866.170,850.230,859.420,0
2014-06-12,852.490,864.830,817.210,821.870,0
2014-06-13,825.150,832.830,805.540,812.940,0
2014-06-16,812.790,825.340,807.160,808.760,0
2014-06-17,810.370,820.630,806.550,816.200,0
2014-06-18,814.710,835.360,815.440,824.290,0
2014-06-19,823.450,840.470,822.530,836.120,0
2014-06-20,833.900,841.290,817.520,820.240,0
2014-06-23,820.240,824.830,809.140,820.700,0
2014-06-24,817.370,836.060,817.740,827.510,0
2014-06-25,827.160,836.270,820.710,832.020,0
2014-06-26,831.690,839.200,826.230,834.670,0
2014-06-27,831.790,844.870,833.140,839.640,0
2014-06-30,839.640,849.200,838.530,841.880,0
2014-07-01,845.330,857.250,841.020,851.930,0
2014-07-02,850.500,863.560,847.960,855.430,0
2014-07-03,855.200,868.040,847.180,857.770,0
2014-07-04,861.710,868.880,854.420,863.460,0
2014-07-07,863.460,870.820,859.570,866.950,0
2014-07-08,864.880,876.800,863.930,871.020,0
2014-07-09,869.410,876.750,868.360,871.200,0
2014-07-10,870.100,879.090,858.150,869.470,0
2014-07-11,867.380,876.870,863.270,871.990,0
2014-07-14,872.120,877.240,865.630,868.920,0
2014-07-15,869.560,876.930,860.730,865.490,0
2014-07-16,863.250,878.310,864.760,871.800,0
2014-07-17,870.930,890.970,871.800,882.170,0
2014-07-18,886.990,888.880,869.380,879.330,0
2014-07-21,879.330,887.320,874.010,874.760,0
2014-07-22,876.490,879.130,864.690,871.400,0
2014-07-23,873.800,879.140,868.870,869.380,0
2014-07-24,872.360,876.610,865.060,869.430,0
2014-07-25,867.340,881.940,868.180,878.290,0
2014-07-28,878.310,890.640,875.220,878.850,0
2014-07-29,880.770,887.880,875.780,877.390,0
2014-07-30,879.780,884.710,875.160,878.850,0
2014-07-31,878.650,884.470,867.990,870.560,0
2014-08-01,875.450,877.050,859.570,862.960,0
2014-08-04,862.960,871.810,851.690,854.040,0
2014-08-05,862.960,861.590,835.540,843.970,0
2014-08-06,843.750,851.960,838.270,848.080,0
2014-08-07,844.050,861.530,845.120,854.660,0
2014-08-08,851.940,865.620,852.650,859.300,0
2014-08-11,859.190,878.450,855.670,874.130,0
2014-08-12,871.720,885.350,870.530,876.140,0
2014-08-13,878.810,884.140,873.520,879.380,0
2014-08-14,876.680,888.490,876.260,880.940,0
2014-08-15,881.320,897.360,872.180,893.010,0
2014-08-18,893.150,903.880,889.920,891.220,0
2014-08-19,895.450,898.680,875.260,879.670,0
2014-08-20,877.510,884.610,864.000,865.630,0
2014-08-21,868.070,881.800,863.290,877.700,0
2014-08-22,876.350,890.880,876.760,886.140,0
2014-08-25,886.140,892.080,879.010,887.530,0
2014-08-26,886.620,891.860,882.070,883.970,0
2014-08-27,885.500,895.250,883.060,891.390,0
2014-08-28,891.560,901.940,889.100,894.890,0
2014-08-29,897.020,910.950,893.150,903.590,0
2014-09-01,903.590,913.310,903.590,905.430,0
2014-09-02,905.570,911.790,879.270,880.080,0
2014-09-03,880.760,889.280,867.810,873.360,0
2014-09-04,872.080,892.720,871.420,887.620,0
2014-09-05,886.520,893.620,881.390,887.990,0
2014-09-08,888.160,897.620,879.730,883.110,0
2014-09-09,882.490,888.500,854.090,858.790,0
2014-09-10,864.060,865.790,844.070,850.490,0
2014-09-11,849.880,855.800,828.600,831.350,0
2014-09-12,840.950,839.850,819.870,836.300,0
2014-09-15,836.300,851.690,831.960,832.510,0
2014-09-16,833.310,847.520,830.930,841.100,0
2014-09-17,841.140,847.490,830.820,833.070,0
2014-09-18,837.330,836.820,818.120,827.680,0
2014-09-19,837.330,834.400,805.560,809.020,0
2014-09-22,809.320,818.210,798.850,798.920,0
2014-09-23,803.930,819.980,798.390,813.660,0
2014-09-24,813.550,826.720,812.520,814.820,0
2014-09-25,816.080,818.940,793.640,799.960,0
2014-09-26,801.030,810.750,776.080,779.100,0
2014-09-29,779.100,794.270,776.800,788.490,0
2014-09-30,787.150,795.210,765.180,771.520,0
2014-10-01,771.340,786.390,761.560,776.700,0
2014-10-02,777.060,788.270,766.090,766.980,0
2014-10-03,771.420,775.520,750.460,754.540,0
2014-10-06,754.390,769.830,733.210,765.450,0
2014-10-07,759.540,791.120,764.290,783.990,0
2014-10-08,786.160,806.250,781.690,801.690,0
2014-10-09,793.010,814.400,793.180,793.470,0
2014-10-10,795.360,798.710,779.130,783.340,0
2014-10-13,783.340,794.970,779.610,783.300,0
2014-10-14,781.470,798.780,781.950,790.790,0
2014-10-15,787.670,797.170,760.070,764.630,0
2014-10-16,769.510,772.660,728.240,739.640,0
2014-10-17,738.550,762.660,737.260,753.150,0
2014-10-20,753.150,766.380,750.820,761.750,0
2014-10-21,760.970,779.340,756.750,775.310,0
2014-10-22,760.970,785.150,766.420,768.260,0
2014-10-23,777.870,784.240,762.840,778.500,0
2014-10-24,774.780,792.720,776.500,779.470,0
2014-10-27,780.000,790.610,775.520,782.970,0
2014-10-28,781.900,803.090,778.290,792.520,0
2014-10-29,790.730,804.610,789.470,793.370,0
2014-10-30,796.470,797.950,773.620,778.690,0
2014-10-31,780.100,796.830,769.480,791.060,0
2014-11-03,791.190,810.260,786.420,801.980,0
2014-11-04,800.210,806.360,781.710,784.390,0
2014-11-05,800.210,789.600,753.730,756.870,0
2014-11-06,761.870,764.400,745.050,749.690,0
2014-11-07,751.180,778.500,746.750,771.500,0
2014-11-10,771.500,778.500,759.180,760.860,0
2014-11-11,768.660,776.270,753.860,771.060,0
2014-11-12,765.420,785.210,768.580,773.240,0
2014-11-13,775.830,781.640,762.600,766.570,0
2014-11-14,771.500,775.600,750.290,764.470,0
2014-11-17,764.470,778.190,760.560,768.770,0
2014-11-18,768.370,779.980,764.010,772.040,0
2014-11-19,772.040,781.860,762.000,762.310,0
2014-11-20,768.080,774.930,760.170,769.780,0
2014-11-21,766.990,797.460,768.830,789.130,0
2014-11-24,789.730,797.460,768.830,789.730,0
2014-11-25,789.730,801.760,789.270,792.200,0
2014-11-26,789.730,806.470,789.980,802.000,0
2014-11-27,800.000,810.130,792.460,802.900,0
2014-11-28,0.000,817.710,797.090,806.300,0
2014-12-01,806.330,814.100,789.890,805.130,0
2014-12-02,806.470,813.250,794.940,800.730,0
2014-12-03,806.470,806.730,795.160,795.270,0
2014-12-04,804.030,808.210,793.590,796.510,0
2014-12-05,0.000,808.130,795.000,799.820,0
2014-12-08,799.620,808.870,795.000,799.080,0
2014-12-09,801.600,813.880,794.470,807.640,0
2014-12-10,804.420,824.280,805.430,813.160,0
2014-12-11,817.270,823.270,810.630,817.310,0
2014-12-12,817.270,821.680,810.860,813.460,0
2014-12-15,813.460,819.230,795.080,796.190,0
2014-12-16,0.000,810.510,779.990,780.510,0
2014-12-17,785.280,794.710,773.710,776.930,0
2014-12-18,0.000,797.180,776.520,790.910,0
2014-12-19,789.400,809.540,786.950,804.800,0
2014-12-22,804.510,819.750,802.420,809.400,0
2014-12-23,811.220,817.990,806.040,811.790,0
2014-12-24,812.480,817.530,803.710,806.730,0
2014-12-25,807.560,817.530,803.710,806.730,0
2014-12-26,807.560,821.040,806.730,816.150,0
2014-12-29,816.410,822.130,807.070,809.000,0
2014-12-30,812.070,816.080,795.590,802.860,0
2014-12-31,812.070,809.020,793.950,794.910,0
2015-01-01,797.920,809.020,793.950,794.910,0
2015-01-02,794.910,804.520,789.900,794.220,0
2015-01-05,794.220,805.960,789.300,793.030,0
2015-01-06,796.560,811.320,791.050,802.030,0
2015-01-07,798.860,805.660,784.220,789.030,0
2015-01-08,798.860,798.480,784.670,789.930,0
2015-01-09,793.110,804.970,789.330,801.650,0
2015-01-12,801.650,816.190,798.990,808.990,0
2015-01-13,805.140,821.380,805.840,813.920,0
2015-01-14,0.000,818.970,765.020,773.700,0
2015-01-15,793.830,791.740,763.250,765.050,0
2015-01-16,793.830,776.800,743.110,746.590,0
2015-01-19,746.590,751.880,745.370,746.590,0
2015-01-20,746.590,780.150,745.930,772.770,0
2015-01-21,772.360,801.020,745.930,765.570,0
2015-01-22,771.220,780.320,741.710,772.770,0
2015-01-23,766.260,790.030,741.710,773.000,0
2015-01-26,773.000,784.210,756.370,779.320,0
2015-01-27,770.590,791.360,770.080,778.800,0
2015-01-28,770.590,818.440,770.080,792.990,0
2015-01-29,770.590,802.570,765.510,771.220,0
2015-01-30,775.560,780.350,768.360,769.540,0
2015-02-02,769.540,791.970,749.270,783.700,0
2015-02-03,779.150,807.790,767.790,783.720,0
2015-02-04,786.120,803.050,781.410,790.080,0
2015-02-05,789.880,803.050,781.410,790.780,0
2015-02-06,786.990,823.700,769.030,783.240,0
2015-02-09,783.240,803.260,762.030,777.220,0
2015-02-10,783.240,786.480,762.780,768.030,0
2015-02-11,772.370,793.750,757.590,764.930,0
2015-02-12,772.370,789.490,756.710,768.360,0
2015-02-13,770.370,797.380,756.710,789.050,0
2015-02-16,789.050,806.970,769.770,780.600,0
2015-02-17,789.050,805.270,764.990,780.550,0
2015-02-18,789.050,799.550,763.150,775.310,0
2015-02-19,789.050,796.460,761.490,784.810,0
2015-02-20,779.390,791.560,774.610,777.840,0
2015-02-23,777.840,790.580,773.090,785.070,0
2015-02-24,783.140,800.310,781.800,792.380,0
2015-02-25,783.140,811.380,790.150,804.950,0
2015-02-26,783.140,817.900,804.810,807.730,0
2015-02-27,783.140,821.020,802.140,815.730,0
2015-03-02,815.730,843.940,809.130,827.760,0
2015-03-03,828.540,843.250,818.630,827.300,0
2015-03-04,828.110,845.180,807.780,824.660,0
2015-03-05,828.110,833.920,823.810,824.550,0
2015-03-06,828.110,833.920,823.810,816.120,0
2015-03-09,816.120,830.800,810.040,817.840,0
2015-03-10,816.120,826.530,799.250,799.840,0
2015-03-11,801.250,810.450,785.620,787.010,0
2015-03-12,793.080,809.740,776.960,787.490,0
2015-03-13,785.400,812.110,774.220,791.880,0
2015-03-16,785.400,797.910,777.170,777.540,0
2015-03-17,785.400,785.940,754.180,760.790,0
2015-03-18,785.400,791.760,756.420,777.520,0
2015-03-19,761.930,790.630,763.750,764.400,0
2015-03-20,768.670,782.750,764.040,775.160,0
2015-03-23,768.670,784.040,769.100,775.360,0
2015-03-24,768.670,780.470,762.000,762.160,0
2015-03-25,768.670,780.470,759.520,763.930,0
2015-03-26,772.150,781.250,760.850,769.870,0
2015-03-27,745.130,774.080,737.440,739.240,0
2015-03-30,728.370,750.330,722.900,728.470,0
2015-03-31,732.260,741.380,723.170,734.620,0
2015-04-01,744.870,752.990,732.880,747.170,0
2015-04-02,747.670,757.660,740.140,745.070,0
2015-04-03,0.000,757.660,740.140,742.930,0
2015-04-06,769.270,780.410,742.930,767.630,0
2015-04-07,769.910,779.950,764.000,768.580,0
2015-04-08,756.050,775.190,752.820,754.190,0
2015-04-09,761.720,767.730,742.930,762.130,0
2015-04-10,774.820,781.580,758.860,776.460,0
2015-04-13,777.810,789.900,764.650,769.400,0
2015-04-14,763.550,774.210,755.320,763.550,0
2015-04-15,763.370,776.080,758.450,769.810,0
2015-04-16,775.860,785.620,766.920,779.580,0
2015-04-17,780.930,788.630,776.560,784.960,0
2015-04-20,772.280,790.230,763.770,773.110,0
2015-04-21,772.900,781.230,767.390,768.050,0
2015-04-22,760.200,776.680,754.590,754.920,0
2015-04-23,768.780,779.110,752.760,769.160,0
2015-04-24,771.330,780.220,767.570,770.980,0
2015-04-27,782.780,787.710,766.810,778.110,0
2015-04-28,778.380,784.990,770.430,776.050,0
2015-04-29,780.830,787.500,771.990,780.870,0
2015-04-30,773.090,786.930,768.780,776.210,0
2015-05-01,774.530,783.510,770.130,772.830,0
2015-05-04,780.990,786.490,770.470,781.090,0
2015-05-05,793.950,800.230,777.220,791.160,0
2015-05-06,791.360,798.950,786.730,791.700,0
2015-05-07,787.400,797.020,778.030,780.670,0
2015-05-08,799.070,805.410,777.550,797.740,0
2015-05-11,780.650,804.340,770.850,780.830,0
2015-05-12,785.160,791.750,779.710,783.970,0
2015-05-13,789.640,795.530,781.520,785.400,0
2015-05-14,778.570,792.580,774.540,780.220,0
2015-05-15,790.750,798.320,777.550,791.710,0
2015-05-18,792.020,801.080,782.840,784.150,0
2015-05-19,776.940,791.110,774.190,775.040,0
2015-05-20,773.680,788.950,772.210,775.980,0
2015-05-21,775.400,783.510,773.460,779.380,0
2015-05-22,780.760,787.540,768.810,782.480,0
2015-05-25,788.080,791.300,775.910,784.640,0
2015-05-26,781.730,791.880,778.590,779.380,0
2015-05-27,784.060,789.630,777.320,784.920,0
2015-05-28,781.840,790.910,779.480,785.050,0
2015-05-29,777.480,788.680,774.530,775.580,0
2015-06-01,773.620,781.280,770.670,772.000,0
2015-06-02,767.310,778.630,763.620,766.730,0
2015-06-03,759.040,773.650,750.910,756.730,0
2015-06-04,754.550,763.190,752.440,753.550,0
2015-06-05,750.320,760.130,746.100,751.130,0
2015-06-08,744.030,756.620,741.210,743.520,0
2015-06-09,741.380,754.880,738.820,739.700,0
2015-06-10,742.520,751.160,738.320,743.330,0
2015-06-11,741.300,750.020,737.310,743.330,0
2015-06-12,738.510,749.340,735.670,736.540,0
2015-06-15,737.890,742.900,732.380,733.280,0
2015-06-16,733.990,743.520,731.100,731.690,0
2015-06-17,728.860,737.050,716.550,721.860,0
2015-06-18,717.670,729.710,716.040,719.800,0
2015-06-19,709.630,724.890,705.100,706.010,0
2015-06-22,696.190,711.750,690.220,694.910,0
2015-06-23,695.310,706.500,691.930,695.950,0
2015-06-24,694.990,705.650,693.080,694.310,0
2015-06-25,678.310,701.520,669.340,678.010,0
2015-06-26,674.320,683.450,668.230,677.910,0
2015-06-29,666.430,683.890,664.950,665.930,0
2015-06-30,668.830,677.590,663.610,672.990,0
2015-07-01,697.000,704.950,670.640,695.100,0
2015-07-02,693.600,705.380,692.080,693.100,0
2015-07-03,680.800,698.610,676.960,684.400,0
2015-07-06,672.120,688.620,665.070,680.180,0
2015-07-07,645.770,686.560,641.000,649.760,0
2015-07-08,649.430,658.540,629.280,653.810,0
2015-07-09,639.520,666.930,635.800,637.640,0
2015-07-10,647.200,657.940,636.020,650.920,0
2015-07-13,661.940,670.890,641.100,659.200,0
2015-07-14,660.410,668.130,650.940,651.960,0
2015-07-15,640.590,662.290,636.970,641.150,0
2015-07-16,631.750,650.840,625.100,630.300,0
2015-07-17,616.900,634.550,614.180,614.340,0
2015-07-20,614.520,622.120,594.180,606.270,0
2015-07-21,622.650,633.540,600.280,626.230,0
2015-07-22,628.710,632.780,612.380,626.260,0
2015-07-23,620.970,644.230,613.210,616.640,0
2015-07-24,614.650,630.890,610.030,623.930,0
2015-07-27,619.470,635.060,611.520,612.100,0
2015-07-28,621.160,626.210,611.800,620.000,0
2015-07-29,618.100,630.000,612.940,620.250,0
2015-07-30,620.550,627.830,616.250,619.870,0
2015-07-31,609.900,624.440,606.850,610.740,0
2015-08-03,611.150,629.780,593.240,597.320,0
2015-08-04,597.690,607.390,587.120,597.350,0
2015-08-05,593.380,602.970,591.400,592.560,0
2015-08-06,601.510,605.860,590.960,598.250,0
2015-08-07,601.870,610.600,594.910,599.080,0
2015-08-10,610.220,619.450,593.180,609.800,0
2015-08-11,604.630,625.060,598.600,600.080,0
2015-08-12,619.210,630.780,595.730,625.570,0
2015-08-13,619.750,629.640,613.490,614.660,0
2015-08-14,616.920,627.010,611.080,616.710,0
2015-08-17,612.950,623.200,609.690,612.950,0
2015-08-18,597.750,618.700,589.550,597.750,0
2015-08-19,610.310,613.930,589.710,610.310,0
2015-08-20,619.610,625.480,609.400,619.610,0
2015-08-21,602.640,627.720,601.170,602.640,0
2015-08-24,569.330,607.440,562.450,569.330,0
2015-08-25,537.170,578.450,526.260,537.170,0
2015-08-26,523.670,550.870,520.130,523.670,0
2015-08-27,560.070,565.220,530.750,560.070,0
2015-08-28,579.490,588.860,559.130,579.490,0
2015-08-31,597.230,600.620,578.850,597.230,0
2015-09-01,580.120,603.050,579.800,580.120,0
2015-09-02,576.300,589.960,566.800,576.300,0
2015-09-03,580.340,594.530,575.740,580.340,0
2015-09-04,577.520,584.460,570.400,577.520,0
2015-09-07,577.820,586.020,571.150,577.820,0
2015-09-08,588.020,600.830,577.250,588.020,0
2015-09-09,575.350,597.310,574.720,575.350,0
2015-09-10,590.190,595.870,573.410,590.190,0
2015-09-11,577.900,596.170,576.100,577.900,0
2015-09-14,583.880,600.690,582.210,583.880,0
2015-09-15,598.420,603.980,578.940,598.420,0
2015-09-16,606.080,613.210,593.200,606.080,0
2015-09-17,595.680,614.840,593.940,595.680,0
2015-09-18,608.170,615.220,600.820,608.170,0
2015-09-21,613.200,617.050,600.540,613.200,0
2015-09-22,608.270,618.480,592.920,608.270,0
2015-09-23,647.690,651.950,606.130,647.690,0
2015-09-24,657.740,665.620,636.700,657.740,0
2015-09-25,664.130,679.380,650.300,664.130,0
2015-09-28,648.620,672.460,643.890,648.620,0
2015-09-29,654.640,658.170,636.270,654.640,0
2015-09-30,656.770,671.360,652.630,656.770,0
2015-10-01,678.020,684.250,649.220,678.020,0
2015-10-02,695.480,700.240,672.610,695.480,0
2015-10-05,695.510,714.440,694.600,695.510,0
2015-10-06,708.530,716.240,684.210,708.530,0
2015-10-07,694.930,714.970,689.400,694.930,0
2015-10-08,706.070,710.510,685.280,706.070,0
2015-10-09,705.090,725.970,699.200,705.090,0
2015-10-12,694.240,719.130,690.150,694.240,0
2015-10-13,695.560,700.140,681.960,695.560,0
2015-10-14,698.140,705.910,680.120,698.140,0
2015-10-15,701.140,709.570,693.560,701.140,0
2015-10-16,701.230,707.060,691.790,701.230,0
2015-10-19,681.630,700.310,675.730,681.630,0
2015-10-20,693.470,701.420,679.820,693.470,0
2015-10-21,679.230,698.130,670.980,679.230,0
2015-10-22,679.420,685.720,666.050,679.420,0
2015-10-23,692.910,704.670,683.600,692.910,0
2015-10-26,681.900,696.570,676.800,681.900,0
2015-10-27,680.110,686.160,673.890,680.110,0
2015-10-28,686.350,694.240,674.280,686.350,0
2015-10-29,670.520,684.770,666.630,670.520,0
2015-10-30,675.280,691.160,668.730,675.280,0
2015-11-02,648.860,678.890,648.650,648.860,0
2015-11-03,639.070,656.420,638.290,639.070,0
2015-11-04,644.240,652.640,639.900,644.240,0
2015-11-05,604.910,632.610,603.840,604.910,0
2015-11-06,618.060,627.620,596.170,618.060,0
2015-11-09,599.220,623.520,592.990,599.220,0
2015-11-10,595.780,617.080,595.240,595.780,0
2015-11-11,576.030,604.570,573.330,576.030,0
2015-11-12,562.570,584.910,556.950,562.570,0
2015-11-13,538.750,567.250,531.040,538.750,0
2015-11-16,544.940,554.520,536.520,544.940,0
2015-11-17,554.420,560.690,534.930,554.420,0
2015-11-18,538.870,552.860,536.760,538.870,0
2015-11-19,534.730,551.370,524.830,534.730,0
2015-11-20,550.110,556.140,537.860,550.110,0
2015-11-23,545.150,567.880,542.780,545.150,0
2015-11-24,536.410,546.790,532.120,536.410,0
2015-11-25,533.420,545.790,526.680,533.420,0
2015-11-26,558.780,570.810,548.910,558.780,0
2015-11-27,549.780,562.760,545.280,549.780,0
2015-11-30,539.850,554.820,537.250,539.850,0
2015-12-01,541.790,556.140,539.660,541.790,0
2015-12-02,532.390,545.200,529.510,532.390,0
2015-12-03,528.370,536.640,522.740,528.370,0
2015-12-04,552.600,561.790,534.720,552.600,0
2015-12-07,556.970,572.400,544.930,556.970,0
2015-12-08,559.410,563.320,547.170,559.410,0
2015-12-09,550.390,558.070,542.870,550.390,0
2015-12-10,541.490,559.870,541.290,541.490,0
2015-12-11,542.910,550.590,538.230,542.910,0
2015-12-14,544.740,552.730,539.720,544.740,0
2015-12-15,559.890,565.850,543.300,559.890,0
2015-12-16,571.120,575.030,560.280,571.120,0
2015-12-17,557.670,573.310,553.510,557.670,0
2015-12-18,557.520,564.810,543.760,557.520,0
2015-12-21,554.160,563.990,553.570,554.160,0
2015-12-22,557.010,560.860,548.230,557.010,0
2015-12-23,550.630,562.350,547.650,550.630,0
2015-12-24,557.250,562.170,550.700,557.250,0
2015-12-25,556.430,562.170,550.700,556.430,0
2015-12-28,555.460,567.280,553.880,555.460,0
2015-12-29,554.420,560.830,547.720,554.420,0
2015-12-30,547.510,564.360,545.960,547.510,0
2015-12-31,546.290,555.990,542.110,546.290,0
2016-01-01,560.090,564.600,542.110,560.090,0
2016-01-04,545.130,564.040,541.710,545.130,0
2016-01-05,535.230,550.040,534.640,535.230,0
2016-01-06,518.030,540.660,514.670,518.030,0
2016-01-07,493.800,513.140,483.120,493.800,0
2016-01-08,488.720,507.190,487.080,488.720,0
2016-01-11,479.280,497.050,478.980,479.280,0
2016-01-12,466.300,484.920,450.320,466.300,0
2016-01-13,493.360,501.450,464.740,493.360,0
2016-01-14,489.300,494.400,478.020,489.300,0
2016-01-15,493.100,500.200,481.670,493.100,0
2016-01-18,495.140,499.200,486.620,495.140,0
2016-01-19,495.590,507.550,489.870,495.590,0
2016-01-20,484.700,498.320,481.790,484.700,0
2016-01-21,493.200,503.250,490.960,493.200,0
2016-01-22,505.470,510.700,496.380,505.470,0
2017-11-01,994.160,1007.510,980.550,1003.060,0
2017-11-02,1003.900,1007.990,990.540,996.920,0
2017-11-03,997.640,1003.560,991.600,1000.450,0
2017-11-06,1000.050,1007.400,994.060,1001.850,0
2017-11-07,1001.880,1004.220,995.030,996.170,0
2017-11-08,997.270,1020.080,996.170,1015.410,0
2017-11-09,1017.140,1026.950,1006.130,1011.140,0
2017-11-10,1012.000,1014.760,995.390,995.740,0
2017-11-13,995.820,1004.400,990.430,992.690,0
2017-11-14,992.190,999.950,977.730,988.050,0
2017-11-15,988.610,992.220,976.550,985.450,0
2017-11-16,986.160,991.090,982.580,989.080,0
2017-11-17,988.770,998.850,987.370,995.980,0
2017-11-20,994.650,1001.320,986.790,990.440,0
2017-11-21,990.680,1003.420,988.750,1000.590,0
2017-11-22,1000.830,1008.330,999.160,1005.310,0
2017-11-23,1006.820,1013.900,1001.540,1012.310,0
2017-11-24,1011.500,1013.650,997.770,998.600,0
2017-11-27,998.610,1008.830,993.510,1007.270,0
2017-11-28,1006.380,1030.300,1002.100,1029.130,0
2017-11-29,1028.980,1031.280,1013.910,1015.200,0
2017-11-30,1015.520,1023.700,1008.390,1009.790,0
2017-12-01,1010.430,1025.490,1008.750,1020.650,0
2017-12-04,1022.230,1024.610,993.920,994.290,0
2017-12-05,995.630,1002.260,982.130,985.670,0
2017-12-06,986.180,997.830,985.530,996.070,0
2017-12-07,995.960,1021.630,994.180,1015.780,0
2017-12-08,1015.930,1019.710,1000.350,1008.050,0
2017-12-11,1006.920,1016.050,1003.720,1011.190,0
2017-12-12,1011.760,1015.440,1003.850,1014.280,0
2017-12-13,1013.630,1019.390,1009.350,1018.310,0
2017-12-14,1018.790,1039.180,1007.280,1034.420,0
2017-12-15,1035.860,1037.800,1021.530,1024.030,0
2017-12-18,1024.310,1028.700,1014.950,1021.170,0
2017-12-19,1020.140,1027.490,1019.180,1025.810,0
2017-12-20,1025.550,1037.200,1023.170,1028.210,0
2017-12-21,1029.000,1040.060,1026.770,1038.640,0
2017-12-22,1038.830,1043.500,1030.900,1040.080,0
2017-12-25,1040.080,1043.500,1030.900,1040.080,0
2017-12-26,1037.370,1056.000,1037.530,1053.290,0
2017-12-27,1054.810,1069.270,1051.500,1063.650,0
2017-12-28,1065.310,1072.830,1056.850,1067.540,0
2017-12-29,1067.880,1071.110,1055.770,1062.830,0
2018-01-01,1062.830,1071.110,1055.770,1062.830,0
2018-01-02,1065.290,1098.560,1064.890,1094.760,0
2018-01-03,1095.510,1097.020,1082.840,1085.180,0
2018-01-04,1085.490,1107.900,1082.440,1099.440,0
2018-01-05,1098.460,1102.940,1086.610,1092.120,0
2018-01-08,1092.680,1103.520,1089.400,1101.550,0
2018-01-09,1100.640,1113.500,1099.530,1101.140,0
2018-01-10,1100.470,1104.450,1083.330,1085.690,0
2018-01-11,1086.160,1093.200,1077.850,1085.380,0
2018-01-12,1085.940,1128.680,1085.870,1124.660,0
2018-01-15,1124.310,1139.680,1121.450,1129.710,0
2018-01-16,1129.760,1132.920,1091.250,1095.430,0
2018-01-17,1095.380,1120.840,1096.070,1115.800,0
2018-01-18,1115.490,1119.950,1099.160,1101.090,0
2018-01-19,1101.850,1116.920,1101.810,1106.880,0
2018-01-22,1107.130,1110.950,1086.200,1099.910,0
2018-01-23,1096.180,1102.160,1088.760,1094.430,0
2018-01-24,1094.150,1114.210,1093.400,1110.150,0
2018-01-25,1111.370,1116.300,1094.430,1094.660,0
2018-01-26,1094.170,1103.210,1082.000,1091.340,0
2018-01-29,1093.440,1094.870,1082.970,1088.630,0
2018-01-30,1088.350,1092.050,1050.270,1056.290,0
2018-01-31,1057.600,1063.650,1026.090,1030.270,0
2018-02-01,1031.240,1042.900,1017.650,1040.060,0
2018-02-02,1039.910,1054.490,1036.580,1048.710,0
2018-02-05,1048.430,1051.820,1027.680,1029.100,0
2018-02-06,1029.480,1033.980,1002.880,1012.820,0
2018-02-07,1013.130,1016.590,982.050,988.790,0
2018-02-08,988.350,989.690,960.630,963.770,0
2018-02-09,963.390,980.860,959.600,976.970,0
2018-02-12,979.400,991.810,977.350,984.460,0
2018-02-13,984.710,995.330,982.740,988.040,0
2018-02-14,986.740,1006.580,981.020,1003.150,0
2018-02-15,1002.480,1022.300,1002.510,1020.340,0
2018-02-16,1018.760,1048.990,1018.800,1046.950,0
2018-02-19,1045.180,1051.550,1032.520,1034.610,0
2018-02-20,1035.400,1044.250,1028.580,1036.490,0
2018-02-21,1034.440,1037.890,1019.930,1024.800,0
2018-02-22,1022.410,1041.200,1019.860,1039.560,0
2018-02-23,1040.580,1048.920,1036.030,1048.050,0
2018-02-26,1047.260,1067.790,1047.370,1061.010,0
2018-02-27,1061.330,1064.760,1036.540,1038.010,0
2018-02-28,1039.160,1049.650,1038.110,1042.440,0
2018-03-01,1043.810,1045.800,977.560,990.500,0
2018-03-02,991.510,999.420,979.050,993.380,0
2018-03-05,996.950,1001.380,979.290,984.780,0
2018-03-06,984.860,994.900,976.800,986.630,0
2018-03-07,986.750,989.420,964.920,969.440,0
2018-03-08,972.810,990.160,965.490,978.000,0
2018-03-09,977.660,999.370,971.140,997.540,0
2018-03-12,996.040,998.390,972.700,977.750,0
2018-03-13,978.850,999.320,976.910,989.780,0
2018-03-14,990.020,1006.600,988.090,989.080,0
2018-03-15,990.630,995.880,981.660,986.710,0
2018-03-16,988.040,998.570,983.090,994.100,0
2018-03-19,995.720,1000.110,988.320,988.660,0
2018-03-20,989.970,996.040,978.080,982.230,0
2018-03-21,981.840,995.290,979.480,989.990,0
2018-03-22,989.500,997.600,974.490,984.160,0
2018-03-23,984.740,991.080,975.430,975.650,0
2018-03-26,977.200,986.960,972.280,976.370,0
2018-03-27,975.990,985.000,972.980,973.230,0
2018-03-28,973.020,978.840,965.740,968.900,0
2018-03-29,969.710,973.730,940.860,952.550,0
2018-03-30,952.550,973.730,940.860,952.550,0
2018-04-02,954.080,958.840,929.910,936.180,0
2018-04-03,934.970,945.380,931.020,933.570,0
2018-04-04,932.380,934.850,916.420,929.250,0
2018-04-05,932.380,934.850,902.680,906.720,0
2018-04-06,928.670,931.350,896.500,904.090,0
2018-04-09,905.700,940.910,904.980,930.660,0
2018-04-10,905.700,962.010,904.980,951.270,0
2018-04-11,931.020,971.780,930.850,965.280,0
2018-04-12,951.370,970.050,945.130,965.690,0
2018-04-13,964.890,992.100,945.130,987.670,0
2018-04-16,989.720,1013.750,985.130,1003.290,0
2018-04-17,989.720,1016.520,984.890,1013.510,0
2018-04-18,1002.490,1047.300,984.890,1035.920,0
2018-04-19,1014.260,1057.550,1011.530,1031.130,0
2018-04-20,1036.340,1057.550,1015.250,1029.590,0
2018-04-23,1029.910,1037.150,974.210,981.410,0
2018-04-24,1029.910,1037.150,964.310,974.340,0
2018-04-25,982.900,988.460,959.660,978.100,0
2018-04-26,974.810,994.330,959.660,986.060,0
2018-04-27,978.210,994.330,968.280,971.450,0
2018-04-30,972.820,976.630,959.280,966.360,0
2018-05-01,972.820,976.630,943.420,947.890,0
2018-05-02,967.180,973.550,944.610,961.300,0
2018-05-03,946.590,975.150,946.630,963.610,0
2018-05-04,961.300,975.150,959.200,969.940,0
2018-05-07,968.610,981.160,968.020,971.590,0
2018-05-08,972.630,978.300,966.680,972.560,0
2018-05-09,972.630,984.590,966.680,977.340,0
2018-05-10,972.140,1004.700,969.900,1000.810,0
2018-05-11,977.400,1009.400,976.190,991.180,0
2018-05-14,989.560,1003.250,989.850,995.210,0
2018-05-15,989.560,1003.250,961.810,981.600,0
2018-05-16,996.380,999.390,961.810,986.600,0
2018-05-17,981.430,990.350,976.650,979.510,0
2018-05-18,986.980,990.350,963.270,966.940,0
2018-05-21,968.610,996.630,967.450,992.860,0
2018-05-22,968.610,1006.790,967.450,991.360,0
2018-05-23,993.430,1006.790,967.850,980.460,0
2018-05-24,994.140,995.130,967.850,975.610,0
2018-05-25,980.820,985.170,969.590,980.660,0
2018-05-28,981.710,986.830,978.910,981.310,0
2018-05-29,981.710,992.880,975.400,977.480,0
2018-05-30,977.160,988.560,974.730,986.600,0
2018-05-31,977.160,992.400,974.730,988.060,0
2018-06-01,986.630,1006.130,985.740,1002.430,0
2018-06-04,999.860,1011.700,995.550,996.760,0
2018-06-05,999.860,1011.700,980.030,993.460,0
2018-06-06,997.660,1025.750,980.030,1018.610,0
2018-06-07,993.790,1030.880,989.180,1012.700,0
2018-06-08,1018.970,1030.880,1007.490,1013.110,0
2018-06-11,1015.460,1025.790,1010.040,1021.930,0
2018-06-12,1015.460,1025.790,1010.040,1020.000,0
2018-06-13,1023.210,1024.280,998.890,1011.380,0
2018-06-14,1021.000,1023.280,998.890,1009.910,0
2018-06-15,1011.880,1018.040,987.530,990.330,0
2018-06-18,987.610,1000.320,982.760,990.350,0
2018-06-19,987.610,1000.320,966.580,969.830,0
2018-06-20,990.160,993.230,963.520,965.000,0
2018-06-21,968.850,980.030,950.700,952.560,0
2018-06-22,965.000,969.120,950.850,957.710,0
2018-06-25,956.920,960.680,938.540,943.310,0
2018-06-26,956.920,964.010,931.620,960.320,0
2018-06-27,941.380,964.880,931.620,951.020,0
2018-06-28,960.290,964.880,934.100,944.650,0
2018-06-29,954.190,958.150,934.100,954.790,0
2018-07-02,954.740,957.450,938.140,947.560,0
2018-07-03,954.740,957.450,939.200,942.760,0
2018-07-04,948.200,954.340,940.490,948.910,0
2018-07-05,942.670,954.140,942.250,949.990,0
2018-07-06,949.000,953.990,940.870,951.980,0
2018-07-09,952.860,967.740,953.100,959.590,0
2018-07-10,952.860,967.740,940.480,942.810,0
2018-07-11,960.160,962.300,934.950,938.840,0
2018-07-12,943.320,954.950,934.950,950.900,0
2018-07-13,939.440,953.280,936.250,938.320,0
2018-07-16,939.600,945.160,917.470,920.040,0
2018-07-17,939.600,945.160,909.070,913.870,0
2018-07-18,920.370,929.580,906.890,908.170,0
2018-07-19,914.980,916.860,861.120,872.000,0
2018-07-20,908.120,912.200,861.120,894.080,0
2018-07-23,891.660,915.610,887.120,914.260,0
2018-07-24,891.660,928.030,887.120,914.580,0
2018-07-25,914.420,942.420,907.950,939.280,0
2018-07-26,914.760,942.650,913.390,928.790,0
2018-07-27,938.810,942.650,918.730,924.710,0
2018-07-30,926.660,935.450,923.920,928.930,0
2018-07-31,926.660,939.860,923.920,933.890,0
2018-08-01,933.870,935.650,913.870,919.300,0
2018-08-02,933.870,935.650,908.910,915.590,0
2018-08-03,915.540,925.010,910.680,912.110,0
2018-08-06,912.940,918.300,903.950,907.680,0
2018-08-07,907.360,922.780,906.090,909.390,0
2018-08-08,907.360,922.780,893.950,900.440,0
2018-08-09,909.880,916.050,894.410,907.600,0
2018-08-10,902.500,913.900,894.410,909.920,0
2018-08-13,911.470,912.370,886.840,893.420,0
2018-08-14,911.470,912.370,887.220,898.670,0
2018-08-15,894.360,900.090,836.090,843.620,0
2018-08-16,899.210,903.840,834.040,886.140,0
2018-08-17,843.630,916.920,834.040,913.790,0
2018-08-20,911.210,923.100,909.180,916.510,0
2018-08-21,911.210,923.800,909.180,916.840,0
2018-08-22,916.940,928.770,910.060,925.720,0
2018-08-23,916.480,928.550,910.060,915.290,0
2018-08-24,926.900,941.670,913.340,935.930,0
2018-08-27,937.100,951.920,933.070,950.610,0
2018-08-28,937.100,955.800,933.070,940.120,0
2018-08-29,950.580,967.480,936.640,964.820,0
2018-08-30,938.850,985.160,936.640,969.530,0
2018-08-31,965.060,987.580,955.470,982.200,0
2018-09-03,982.860,987.160,977.900,981.960,0
2018-09-04,982.860,988.930,955.600,980.150,0
2018-09-05,980.500,988.160,955.600,973.520,0
2018-09-06,982.160,988.160,969.100,975.170,0
2018-09-07,975.230,990.270,971.770,979.600,0
2018-09-10,979.810,992.970,975.960,979.150,0
2018-09-11,979.810,992.970,969.010,974.740,0
2018-09-12,978.200,985.750,969.010,977.170,0
2018-09-13,976.760,984.940,970.690,981.380,0
2018-09-14,978.690,988.470,975.580,977.860,0
2018-09-17,977.860,987.540,975.830,986.310,0
2018-09-18,977.860,1015.140,975.830,1012.140,0
2018-09-19,985.290,1041.500,982.170,1037.130,0
2018-09-20,1013.660,1056.700,1012.570,1051.810,0
2018-09-21,1038.160,1058.220,1034.950,1052.060,0
2018-09-24,1050.630,1063.070,1042.040,1060.820,0
2018-09-25,1050.630,1069.020,1042.040,1061.180,0
2018-09-26,1059.940,1075.320,1051.900,1067.860,0
2018-09-27,1067.610,1086.000,1061.500,1084.540,0
2018-09-28,1067.610,1095.500,1061.500,1074.310,0
2018-10-01,1071.040,1077.000,1045.930,1057.500,0
2018-10-02,1071.040,1077.000,1041.080,1053.000,0
2018-10-03,1058.500,1069.220,1041.080,1059.040,0
2018-10-04,1054.500,1065.460,1047.800,1054.500,0
2018-10-05,1057.000,1078.400,1049.500,1070.770,0
2018-10-08,1067.500,1078.650,1058.680,1076.880,0
2018-10-09,1076.090,1086.840,1067.250,1070.160,0
2018-10-10,1076.090,1086.840,1062.700,1067.470,0
2018-10-11,1070.450,1096.160,1062.700,1079.130,0
2018-10-12,1068.390,1096.160,1066.910,1067.050,0
2018-10-15,1066.810,1091.240,1067.220,1084.550,0
2018-10-16,1086.310,1090.900,1076.680,1079.650,0
2018-10-17,1086.310,1090.900,1071.660,1072.420,0
2018-10-18,1071.650,1080.150,1066.970,1072.390,0
2018-10-19,1071.650,1091.300,1066.970,1082.240,0
2018-10-22,1081.230,1125.510,1081.840,1123.390,0
2018-10-23,1123.010,1152.540,1118.280,1143.510,0
2018-10-24,1123.010,1152.540,1118.280,1127.850,0
2018-10-25,1143.130,1144.330,1102.760,1103.540,0
2018-10-26,1104.640,1108.500,1083.970,1105.000,0
2018-10-29,1104.860,1122.550,1088.800,1090.130,0
2018-10-30,1104.860,1122.550,1069.150,1076.720,0
2018-10-31,1076.430,1088.700,1069.730,1079.630,0
2018-11-01,1076.430,1102.300,1069.730,1094.030,0
2018-11-02,1094.850,1125.490,1093.130,1118.130,0
2018-11-05,1117.570,1140.340,1113.290,1135.850,0
2018-11-06,1117.570,1137.510,1103.300,1117.250,0
2018-11-07,1136.320,1140.560,1103.300,1135.230,0
2018-11-08,1116.750,1140.560,1114.820,1126.790,0
2018-11-09,1135.210,1139.040,1109.650,1116.000,0
2018-11-12,1116.960,1121.550,1096.290,1097.070,0
2018-11-13,1116.960,1121.550,1097.630,1112.600,0
2018-11-14,1098.540,1135.080,1097.630,1127.330,0
2018-11-15,1113.130,1180.260,1103.370,1157.290,0
2018-11-16,1127.140,1186.660,1123.460,1176.360,0
2018-11-19,1176.160,1185.950,1160.250,1164.320,0
2018-11-20,1166.300,1172.700,1138.600,1144.710,0
2018-11-21,1145.080,1160.200,1142.900,1150.860,0
2018-11-22,1145.080,1160.200,1142.900,1154.510,0
2018-11-23,1150.510,1157.740,1117.980,1120.060,0
2018-11-26,1125.380,1153.160,1122.380,1145.060,0
2018-11-27,1125.380,1156.200,1122.380,1154.350,0
2018-11-28,1147.920,1188.140,1137.760,1185.250,0
2018-11-29,1154.820,1186.200,1151.600,1182.380,0
2018-11-30,1182.250,1204.710,1177.450,1180.400,0
2018-12-03,1182.830,1223.620,1183.440,1204.990,0
2018-12-04,1182.830,1240.010,1183.440,1231.710,0
2018-12-05,1201.510,1261.800,1201.820,1241.820,0
2018-12-06,1231.400,1261.800,1188.900,1210.340,0
2018-12-07,1243.400,1247.830,1191.720,1224.500,0
2018-12-10,1223.030,1235.900,1212.240,1228.100,0
2018-12-11,1223.030,1258.310,1216.380,1246.180,0
2018-12-12,1225.830,1268.010,1223.140,1264.640,0
2018-12-13,1248.390,1271.690,1242.710,1262.580,0
2018-12-14,1265.070,1271.690,1222.460,1242.570,0
2018-12-17,1242.600,1271.350,1236.730,1262.450,0
2018-12-18,1242.600,1266.900,1236.730,1250.560,0
2018-12-19,1262.740,1280.480,1245.040,1256.680,0
2018-12-20,1251.670,1273.470,1245.040,1260.850,0
2018-12-21,1255.770,1273.470,1222.720,1231.490,0
2018-12-24,1232.910,1248.320,1229.780,1243.690,0
2018-12-25,1232.910,1248.320,1229.780,1243.690,0
2018-12-26,1243.460,1263.770,1228.450,1258.960,0
2018-12-27,1243.460,1272.530,1228.450,1271.840,0
2018-12-28,1258.700,1272.940,1248.080,1260.190,0
2018-12-31,1265.250,1266.990,1251.500,1265.500,0
2019-01-01,1265.250,1266.990,1251.500,1265.500,0
2019-01-02,1261.270,1272.280,1257.650,1263.300,0
2019-01-03,1261.270,1272.280,1257.650,1269.910,0
2019-01-04,1262.060,1314.490,1260.380,1301.500,0
2019-01-07,1302.120,1313.330,1296.830,1304.660,0
2019-01-08,1302.120,1331.170,1297.610,1327.590,0
2019-01-09,1305.360,1344.410,1297.610,1328.160,0
2019-01-10,1327.640,1344.410,1309.830,1325.350,0
2019-01-11,1328.610,1336.110,1309.830,1322.560,0
2019-01-14,1321.710,1339.970,1311.360,1323.960,0
2019-01-15,1321.710,1339.970,1311.360,1322.050,0
2019-01-16,1323.860,1366.480,1321.400,1365.450,0
2019-01-17,1363.660,1439.290,1361.250,1398.810,0
2019-01-18,1363.660,1439.290,1361.250,1380.730,0
2019-01-21,1381.680,1401.340,1350.000,1361.000,0
2019-01-22,1381.680,1401.340,1335.010,1348.540,0
2019-01-23,1363.500,1367.160,1335.010,1349.850,0
2019-01-24,1349.960,1355.540,1317.970,1323.490,0
2019-01-25,1349.960,1364.720,1312.080,1363.340,0
2019-01-28,1357.030,1366.600,1329.880,1333.010,0
2019-01-29,1357.030,1366.600,1322.360,1342.620,0
2019-01-30,1333.900,1363.810,1322.360,1362.510,0
2019-01-31,1344.470,1386.070,1335.410,1342.450,0
2019-02-01,1358.460,1386.070,1341.050,1353.960,0
2019-02-04,1354.360,1372.170,1344.290,1365.270,0
2019-02-05,1354.360,1383.750,1344.290,1381.670,0
2019-02-06,1365.500,1386.000,1361.920,1375.220,0
2019-02-07,1379.800,1396.240,1363.600,1385.320,0
2019-02-08,1383.870,1405.950,1380.470,1403.570,0
2019-02-11,1404.380,1407.980,1374.210,1389.260,0
2019-02-12,1404.380,1407.980,1374.210,1405.030,0
2019-02-13,1389.280,1415.770,1382.920,1396.990,0
2019-02-14,1405.860,1419.000,1396.130,1417.870,0
2019-02-15,1395.980,1437.000,1396.130,1432.900,0
2019-02-18,1430.040,1459.340,1429.000,1457.000,0
2019-02-19,1430.040,1491.140,1429.410,1480.160,0
2019-02-20,1479.980,1505.460,1478.590,1488.510,0
2019-02-21,1479.980,1505.460,1461.350,1473.080,0
2019-02-22,1488.210,1501.000,1461.350,1499.070,0
2019-02-25,1493.340,1545.240,1493.520,1542.930,0
2019-02-26,1542.510,1567.440,1533.260,1563.680,0
2019-02-27,1542.510,1567.260,1517.590,1530.230,0
2019-02-28,1563.780,1567.260,1523.210,1545.690,0
2019-03-01,1531.680,1565.700,1523.210,1542.960,0
2019-03-04,1544.530,1559.680,1514.830,1533.110,0
2019-03-05,1544.530,1559.680,1501.900,1518.470,0
2019-03-06,1531.540,1542.620,1501.900,1536.120,0
2019-03-07,1515.060,1553.300,1504.960,1527.110,0
2019-03-08,1534.630,1553.300,1499.610,1515.360,0
2019-03-11,1515.810,1539.550,1507.510,1535.980,0
2019-03-12,1515.810,1550.110,1507.510,1538.220,0
2019-03-13,1535.760,1556.020,1530.900,1553.650,0
2019-03-14,1538.170,1556.850,1530.900,1552.410,0
2019-03-15,1553.090,1562.780,1541.630,1552.300,0
2019-03-18,1553.790,1580.470,1542.020,1578.310,0
2019-03-19,1553.790,1601.520,1542.020,1590.330,0
2019-03-20,1578.620,1603.440,1575.070,1598.910,0
2019-03-21,1591.030,1614.880,1585.100,1598.140,0
2019-03-22,1599.670,1614.880,1545.260,1552.740,0
2019-03-25,1554.350,1575.000,1536.190,1570.920,0
2019-03-26,1554.350,1578.570,1534.960,1542.870,0
2019-03-27,1572.660,1578.570,1442.660,1452.730,0
2019-03-28,1542.540,1552.230,1335.490,1346.340,0
2019-03-29,1450.390,1457.280,1339.880,1384.510,0
2019-04-01,1382.930,1426.330,1370.870,1423.690,0
2019-04-02,1422.850,1440.660,1399.020,1433.420,0
2019-04-03,1433.090,1445.880,1383.640,1409.200,0
2019-04-04,1409.070,1415.800,1357.810,1366.980,0
2019-04-05,1367.210,1383.770,1323.320,1371.390,0
2019-04-08,1372.500,1391.230,1360.560,1385.000,0
2019-04-09,1385.130,1402.010,1369.800,1389.680,0
2019-04-10,1389.940,1397.680,1381.290,1390.490,0
2019-04-11,1388.640,1399.160,1350.500,1367.060,0
2019-04-12,1370.820,1382.710,1365.080,1374.380,0
2019-04-15,1374.000,1376.000,1362.100,1364.960,0
2019-04-16,1364.960,1376.440,1351.660,1356.810,0
2019-04-17,1356.110,1403.070,1352.500,1397.600,0
2019-04-18,1397.600,1423.200,1378.180,1422.740,0
2019-04-22,1422.500,1431.530,1379.220,1391.590,0
2019-04-23,1391.690,1399.090,1369.130,1392.480,0
2019-04-24,1392.590,1421.470,1385.360,1415.010,0
2019-04-25,1415.010,1424.010,1410.430,1417.390,0
2019-04-26,1417.250,1463.620,1408.720,1462.530,0
2019-04-29,1463.490,1463.540,1361.150,1370.230,0
2019-04-30,1370.260,1398.080,1357.160,1389.200,0
2019-05-01,1389.340,1390.750,1314.510,1352.420,0
2019-05-02,1352.260,1366.710,1336.280,1358.420,0
2019-05-03,1357.050,1378.500,1339.750,1372.500,0
2019-05-06,1369.300,1370.350,1331.030,1340.770,0
2019-05-07,1340.640,1354.900,1318.860,1330.170,0
2019-05-08,1330.170,1340.560,1315.410,1320.110,0
2019-05-09,1320.110,1326.720,1267.780,1299.260,0
2019-05-10,1298.230,1361.790,1295.760,1357.460,0
2019-05-13,1357.500,1357.500,1319.790,1324.500,0
2019-05-14,1323.820,1344.150,1316.080,1339.440,0
2019-05-15,1339.310,1357.590,1308.340,1345.850,0
2019-05-16,1345.730,1347.630,1328.550,1335.750,0
2019-05-17,1335.310,1338.500,1311.030,1315.100,0
2019-05-20,1313.000,1339.260,1312.130,1333.400,0
2019-05-21,1333.270,1339.350,1317.120,1320.780,0
2019-05-22,1320.650,1329.970,1300.440,1317.430,0
2019-05-23,1317.300,1323.640,1307.480,1311.450,0
2019-05-24,1311.580,1339.020,1309.980,1335.680,0
2019-05-27,1335.500,1340.380,1324.630,1336.940,0
2019-05-28,1334.810,1349.150,1330.930,1342.450,0
2019-05-29,1342.600,1352.970,1331.530,1348.180,0
2019-05-30,1348.050,1380.600,1331.880,1369.270,0
2019-05-31,1369.410,1373.050,1320.260,1328.300,0
2019-06-03,1326.600,1345.700,1305.000,1323.600,3040
2019-06-04,1324.000,1328.000,1321.300,1321.000,195
2019-06-05,1348.140,1349.940,1319.900,1325.270,0
2019-06-06,1334.000,1354.560,1330.710,1347.560,0
2019-06-07,1353.400,1376.190,1346.070,1367.150,0
2019-06-10,1359.700,1392.690,1348.480,1390.060,0
2019-06-11,1381.440,1401.230,1378.140,1386.690,0
2019-06-12,1393.710,1417.700,1387.060,1414.810,0
2019-06-13,1404.100,1442.600,1398.000,1441.300,4226
2019-06-14,1442.400,1464.000,1435.500,1461.200,4370
2019-06-17,1462.300,1463.700,1438.300,1449.200,3210
2019-06-18,1449.500,1482.800,1448.900,1472.900,3412
2019-06-19,1474.500,1495.800,1473.000,1494.100,3089
2019-06-20,1493.700,1525.100,1461.600,1475.500,5038
2019-06-21,1472.600,1507.100,1464.700,1492.700,3963
2019-06-24,1491.400,1537.500,1491.400,1528.700,3579
2019-06-25,1529.400,1542.300,1501.200,1520.700,3738
2019-06-26,1520.000,1535.000,1512.300,1513.000,2591
2019-06-27,1514.900,1543.100,1508.600,1542.900,2690
2019-06-28,1543.400,1558.300,1511.000,1526.800,4057
2019-07-01,1527.300,1550.700,1523.400,1539.000,3171
2019-07-02,1540.200,1555.200,1535.000,1553.800,2648
2019-07-03,1553.300,1567.900,1547.200,1566.200,2472
2019-07-04,1567.400,1567.400,1548.200,1556.700,1200
2019-07-05,1559.300,1571.600,1548.200,1562.900,3866
2019-07-08,1559.700,1569.600,1552.000,1555.400,1931
2019-07-09,1556.300,1556.300,1532.500,1542.000,3217
2019-07-10,1542.300,1593.200,1536.900,1586.200,4899
2019-07-11,1585.100,1600.500,1550.300,1556.800,4946
2019-07-12,1554.900,1558.500,1526.100,1540.300,3465
2019-07-15,1541.900,1568.900,1540.600,1561.300,2804
2019-07-16,1562.400,1564.800,1502.500,1522.800,4918
2019-07-17,1524.500,1548.100,1513.900,1534.300,3827
2019-07-18,1539.900,1548.300,1505.800,1525.000,4405
2019-07-19,1527.300,1534.000,1495.500,1501.400,3700
2019-07-23,1524.800,1528.100,1511.700,1521.800,2005
2019-07-24,1523.500,1540.000,1518.000,1539.500,2209
2019-07-25,1540.000,1544.900,1525.300,1528.900,2453
2019-07-26,1530.000,1539.000,1521.300,1529.100,1742
2019-07-29,1529.000,1560.000,1515.300,1552.000,3200
2019-07-30,1553.200,1554.700,1505.200,1513.500,3862
2019-07-31,1512.600,1538.600,1512.500,1517.300,3292
2019-08-01,1517.500,1521.300,1409.100,1425.300,9662
2019-08-02,1430.900,1444.000,1378.200,1402.900,6964
2019-08-05,1402.500,1448.000,1390.000,1416.300,4356
2019-08-06,1416.500,1443.800,1415.600,1436.500,3142
2019-08-07,1433.000,1442.600,1392.100,1410.400,4539
2019-08-08,1408.700,1429.600,1405.700,1413.700,3219
2019-08-09,1416.400,1430.200,1412.700,1414.500,2570
2019-08-12,1419.100,1434.800,1410.300,1422.700,3003
2019-08-13,1422.500,1455.600,1412.000,1447.000,3746
2019-08-14,1448.000,1449.400,1412.000,1418.400,3743
2019-08-15,1416.300,1444.000,1414.100,1438.500,2931
2019-08-16,1439.800,1447.900,1434.000,1441.100,3374
2019-08-19,1442.000,1479.100,1439.000,1472.200,4112
2019-08-20,1472.400,1490.900,1469.800,1483.500,3198
2019-08-21,1484.800,1488.500,1457.200,1463.300,4222
2019-08-22,1463.400,1486.700,1452.600,1479.000,4846
2019-08-23,1481.100,1485.300,1448.000,1452.300,5969
2019-08-26,1452.500,1473.200,1447.000,1470.300,4602
2019-08-28,1478.100,1479.400,1454.200,1464.600,5313
2019-08-29,1466.900,1485.400,1462.000,1467.600,4087
2019-08-30,1467.000,1543.200,1466.900,1528.900,7366
2019-09-02,1467.000,1543.200,1466.900,1533.400,77
2019-09-04,1538.200,1558.300,1533.000,1552.200,3373
2019-09-05,1554.900,1564.000,1536.000,1555.400,3653
2019-09-06,1555.100,1558.100,1514.300,1534.500,3205
2019-09-10,1538.400,1557.000,1530.400,1551.100,2730
2019-09-11,1554.100,1584.600,1549.600,1567.000,4282
2019-09-12,1608.100,1616.500,1564.200,1613.100,5469
2019-09-13,1613.500,1615.000,1588.000,1602.000,3452
2019-09-16,1604.500,1619.800,1577.400,1595.800,4269
2019-09-17,1599.800,1607.400,1582.200,1588.700,2766
2019-09-18,1591.700,1599.100,1563.200,1579.700,3749
2019-09-19,1582.400,1617.300,1575.400,1608.400,4170
2019-09-20,1610.100,1638.000,1608.100,1618.500,3888
2019-09-23,1616.200,1643.300,1616.100,1627.400,2351
2019-09-24,1627.500,1648.000,1624.600,1644.100,2555
2019-09-25,1646.100,1648.700,1602.300,1613.200,4404
2019-09-26,1611.900,1644.300,1611.900,1637.300,4075
2019-09-27,1640.400,1662.800,1620.000,1653.000,3624
2019-09-30,1654.200,1669.400,1628.300,1646.900,4624
2019-10-01,1647.500,1653.800,1621.000,1627.300,3105
2019-10-02,1629.700,1672.100,1613.000,1661.100,4666
2019-10-03,1662.900,1667.300,1618.100,1631.200,4043
2019-10-04,1631.000,1659.400,1627.300,1639.600,3643
2019-10-07,1645.400,1648.000,1623.500,1636.500,2159
2019-10-08,1641.800,1653.900,1605.000,1649.100,7102
2019-10-09,1649.300,1667.300,1630.700,1655.900,2903
2019-10-10,1655.700,1677.300,1645.000,1673.600,4241
2019-10-11,1676.300,1679.600,1654.900,1669.800,2720
2019-10-14,1668.100,1688.600,1657.300,1678.400,3020
2019-10-15,1679.000,1706.200,1676.200,1700.500,2960
2019-10-16,1701.200,1744.700,1696.700,1734.200,4435
2019-10-17,1732.800,1750.000,1721.000,1729.200,3416
2019-10-18,1730.700,1737.400,1712.700,1725.100,2698
2019-10-21,1726.900,1746.200,1718.600,1730.500,2604
2019-10-22,1731.900,1739.700,1720.900,1725.400,1716
2019-10-23,1726.200,1734.600,1703.000,1714.200,2981
2019-10-24,1716.700,1757.900,1713.200,1749.400,3456
2019-10-25,1749.900,1761.000,1738.500,1739.900,2420
2019-10-28,1741.000,1784.900,1740.400,1775.400,3457
2019-10-29,1774.600,1779.000,1749.400,1752.000,2508
2019-10-30,1752.000,1799.200,1750.100,1781.900,3957
2019-10-31,1782.800,1798.200,1748.700,1769.500,4336
2019-11-01,1771.800,1790.000,1758.200,1780.800,3924
2019-11-05,1750.400,1760.900,1731.700,1747.600,4144
2019-11-06,1747.500,1772.900,1739.000,1763.400,2849
2019-11-07,1765.000,1782.500,1756.300,1769.700,3298
2019-11-08,1767.700,1772.500,1707.100,1711.800,6050
2019-11-11,1694.000,1724.300,1644.300,1654.000,6434
2019-11-12,1654.600,1683.100,1652.800,1665.900,4597
2019-11-13,1665.400,1698.200,1661.000,1673.200,4031
2019-11-14,1675.200,1705.100,1673.200,1701.500,3832
2019-11-15,1702.400,1712.500,1665.800,1673.600,3366
2019-11-18,1674.400,1708.300,1670.900,1701.700,3807
2019-11-19,1701.400,1742.400,1680.000,1729.200,5481
2019-11-20,1730.900,1747.800,1721.400,1733.100,4721
2019-11-21,1732.800,1739.100,1723.700,1731.400,5939
2019-11-22,1731.700,1746.300,1727.000,1743.900,5938
2019-11-25,1745.400,1785.700,1744.000,1765.900,6199
2019-11-26,1768.700,1792.000,1752.000,1781.100,6027
2019-11-27,1785.000,1808.800,1771.300,1807.500,4487
2019-11-28,1808.600,1814.800,1800.000,1809.800,1824
2019-11-29,1814.200,1818.000,1795.900,1812.200,4425
2019-12-02,1812.400,1835.400,1808.700,1824.000,3393
2019-12-03,1824.500,1834.800,1815.300,1828.800,3077
2019-12-04,1829.000,1846.500,1823.100,1842.400,3569
2019-12-05,1841.500,1848.500,1820.000,1845.500,3460
2019-12-06,1846.600,1853.200,1835.100,1851.600,2362
2019-12-09,1850.200,1868.600,1844.400,1854.200,2495
2019-12-10,1853.400,1875.000,1851.400,1869.500,3032
2019-12-11,1870.000,1892.000,1865.000,1887.000,2894
2019-12-12,1886.400,1920.100,1883.700,1915.800,4115
2019-12-13,1916.600,1958.500,1886.800,1906.300,6899
2019-12-16,1907.300,1969.800,1907.100,1952.500,4274
2019-12-17,1955.000,1974.600,1905.300,1925.900,5745
2019-12-18,1893.000,1928.300,1889.900,1894.200,4477
2019-12-19,1895.500,1912.400,1887.000,1907.400,3412
2019-12-20,1908.000,1918.600,1801.100,1822.200,6793
2019-12-23,1793.100,1856.000,1785.300,1841.600,6232
2019-12-24,1845.000,1863.300,1830.000,1849.100,2374
2019-12-26,1853.000,1871.200,1848.000,1867.300,1923
2019-12-27,1867.800,1882.200,1860.100,1875.000,3059
2019-12-30,1878.000,1885.100,1872.300,1876.300,2329
2019-12-31,1877.000,1913.800,1876.300,1912.000,2955
2020-01-02,1912.300,1935.300,1907.800,1930.100,3317
2020-01-03,1932.000,1958.300,1927.300,1956.200,3610
2020-01-06,1958.400,1998.700,1955.800,1996.000,5120
2020-01-07,1998.000,2023.000,1980.500,2021.800,4760
2020-01-08,2023.300,2068.500,1990.000,2065.100,6773
2020-01-09,2065.100,2114.000,2016.300,2073.200,7910
2020-01-10,2073.100,2092.000,2057.500,2071.800,2689
2020-01-13,2072.900,2098.500,2063.300,2085.500,4129
2020-01-14,2084.800,2132.000,2075.200,2130.200,5012
2020-01-15,2130.100,2178.500,2116.000,2175.700,6203
2020-01-16,2173.300,2244.800,2163.400,2208.000,9174
2020-01-17,2240.800,2298.800,2201.200,2243.900,10039
2020-01-20,2246.500,2312.500,2239.800,2271.200,5197
2020-01-21,2270.500,2312.500,2201.100,2235.800,13112
2020-01-22,2232.700,2372.900,2217.500,2363.200,7429
2020-01-23,2364.100,2427.000,2299.000,2362.000,8952
2020-01-24,2334.300,2394.000,2287.200,2320.000,5693
2020-01-27,2324.200,2326.200,2161.300,2166.200,7012
2020-01-28,2172.500,2240.000,2151.200,2180.000,5590
2020-01-29,2182.800,2233.800,2171.900,2215.300,4348
2020-01-30,2215.000,2254.400,2178.800,2238.200,3806
2020-01-31,2236.000,2258.000,2215.400,2215.500,3775
2020-02-04,2238.900,2345.000,2226.900,2342.400,5706
2020-02-05,2338.400,2400.100,2318.000,2335.000,5080
2020-02-06,2339.700,2366.400,2215.900,2227.900,5327
2020-02-07,2180.200,2243.700,2171.300,2209.900,4405
2020-02-10,2206.000,2278.700,2206.000,2260.400,3172
2020-02-11,2254.800,2272.100,2215.000,2263.300,3802
2020-02-12,2268.800,2329.600,2241.000,2325.100,4051
2020-02-13,2326.500,2355.900,2301.300,2342.200,3458
2020-02-14,2340.000,2371.500,2311.000,2335.000,2617
2020-02-17,2432.500,2435.000,2331.800,2425.700,2887
2020-02-18,2429.800,2550.000,2331.800,2538.700,7562
2020-02-19,2543.900,2755.900,2537.000,2612.500,7360
2020-02-20,2608.300,2674.200,2545.600,2590.000,4944
2020-02-21,2589.800,2634.300,2576.300,2609.100,4398
2020-02-24,2601.300,2632.500,2490.400,2535.300,5056
2020-02-25,2539.700,2656.800,2535.300,2623.400,3647
2020-02-26,2603.500,2699.500,2582.600,2680.600,4321
2020-02-27,2682.000,2789.800,2640.000,2765.100,4281
2020-02-28,2522.200,2784.900,2387.300,2488.600,7438
2020-03-03,2430.000,2465.500,2356.000,2390.800,3386
2020-03-04,2399.900,2472.000,2322.100,2453.100,3029
2020-03-05,2450.000,2471.800,2370.000,2454.000,2235
2020-03-06,2490.300,2550.000,2378.300,2462.200,4601
2020-03-09,2469.900,2478.100,2250.000,2387.100,3892
2020-03-10,2388.000,2431.300,2306.400,2320.900,2693
2020-03-11,2338.400,2339.900,2210.300,2217.500,3130
2020-03-12,1754.000,2224.000,1560.000,1742.900,9471
2020-03-13,1700.000,1951.300,1464.100,1658.000,5360
2020-03-16,1462.900,1759.300,1355.100,1450.300,4872
2020-03-17,1650.000,1650.100,1369.900,1480.000,3064
2020-03-18,1509.600,1548.500,1410.800,1456.300,2174
2020-03-19,1460.000,1596.000,1370.000,1522.400,2090
2020-03-20,1552.000,1624.900,1463.000,1517.000,1416
2020-03-23,1565.600,1615.100,1483.300,1611.800,1198
2020-03-24,1675.000,1870.000,1605.100,1824.000,1945
2020-03-25,2111.000,2319.900,1811.900,2230.000,2917
2020-03-26,2162.000,2300.000,2108.000,2212.000,1660
2020-03-27,2239.500,2270.000,2100.000,2145.300,1081
2020-03-30,2178.900,2224.000,2105.300,2197.100,1012
2020-03-31,2214.600,2368.000,2166.000,2258.300,1469
2020-04-01,2208.600,2288.000,2110.500,2142.600,1191
2020-04-02,2126.000,2235.000,2039.900,2137.800,1120
2020-04-03,2130.000,2187.000,2048.300,2080.000,658
2020-04-06,2120.000,2137.000,2020.000,2079.100,671
2020-04-07,2082.000,2207.200,2057.600,2090.000,949
2020-04-08,2103.200,2134.900,2072.000,2085.100,532
2020-04-09,2082.800,2116.300,2075.000,2087.000,478
2020-04-13,2074.700,2220.000,2045.700,2121.000,735
2020-04-14,2173.900,2214.300,2121.000,2185.700,220
2020-04-15,2195.700,2204.800,2100.000,2122.800,1071
2020-04-16,2125.400,2186.300,2090.000,2122.200,842
2020-04-17,2132.900,2152.200,2100.000,2089.600,752
2020-04-20,2112.900,2159.200,2103.100,2116.100,711
2020-04-21,1866.000,2130.500,1765.000,1865.000,1826
2020-04-22,1884.400,1924.100,1873.400,1877.900,735
2020-04-23,1852.100,2046.800,1852.100,1951.800,1085
2020-04-24,1948.000,2020.000,1939.400,1969.100,494
